id,주제,theme,한국어,English,Espanol,中文
1,시작과 첫걸음,Beginnings,완벽한 때를 기다리면 영원히 시작하지 못한다.,"If you wait for the perfect moment, you will never begin.","Si esperas el momento perfecto, nunca empezarás.",等待完美的时机，你将永远无法开始。
2,시작과 첫걸음,Beginnings,오늘의 작은 시작이 내일의 큰 차이를 만든다.,A small start today makes a big difference tomorrow.,Un pequeño comienzo hoy marca una gran diferencia mañana.,今天小小的开始，造就明天巨大的不同。
3,시작과 첫걸음,Beginnings,첫걸음은 언제나 가장 무겁고 가장 중요하다.,The first step is always the heaviest and the most important.,El primer paso siempre es el más pesado y el más importante.,第一步永远最沉重，也最重要。
4,시작과 첫걸음,Beginnings,"준비가 끝나서 시작하는 게 아니라, 시작해야 준비가 된다.",You do not start because you are ready; you become ready by starting.,No empiezas porque estás listo; te vuelves listo al empezar.,不是准备好了才开始，而是开始了才会准备好。
5,시작과 첫걸음,Beginnings,늦었다고 느끼는 지금이 남은 생에서 가장 이른 순간이다.,The moment you feel it is too late is the earliest moment you have left.,El momento en que crees que es tarde es el más temprano que te queda.,你觉得为时已晚的此刻，是余生中最早的时刻。
6,시작과 첫걸음,Beginnings,시작하지 않은 일은 실패조차 할 수 없다.,What you never begin can never even fail.,Lo que nunca empiezas ni siquiera puede fracasar.,从未开始的事，连失败的机会都没有。
7,시작과 첫걸음,Beginnings,큰 문은 작은 열쇠로 열린다.,Big doors open with small keys.,Las puertas grandes se abren con llaves pequeñas.,大门往往由小钥匙打开。
8,시작과 첫걸음,Beginnings,오늘 심지 않은 씨앗은 내일 자라지 않는다.,A seed not planted today will not grow tomorrow.,La semilla que no siembras hoy no crecerá mañana.,今天不播下的种子，明天不会发芽。
9,시작과 첫걸음,Beginnings,시작은 용기의 다른 이름이다.,Beginning is another name for courage.,Empezar es otro nombre para el valor.,开始，是勇气的另一个名字。
10,시작과 첫걸음,Beginnings,지도를 보는 사람보다 한 걸음 걷는 사람이 멀리 간다.,The one who takes a step goes farther than the one who studies the map.,Quien da un paso llega más lejos que quien estudia el mapa.,迈出一步的人，比研究地图的人走得更远。
11,시작과 첫걸음,Beginnings,하루를 여는 방식이 인생을 여는 방식이 된다.,How you open a day becomes how you open a life.,Cómo abres el día se convierte en cómo abres la vida.,你如何开启一天，就如何开启一生。
12,시작과 첫걸음,Beginnings,시작을 미루는 습관이 가장 비싼 비용이다.,The habit of postponing the start is the most expensive cost.,El hábito de aplazar el comienzo es el costo más caro.,拖延开始，是最昂贵的代价。
13,시작과 첫걸음,Beginnings,아무것도 하지 않으면 아무 일도 일어나지 않는다.,"If you do nothing, nothing happens.","Si no haces nada, nada sucede.",什么都不做，就什么都不会发生。
14,시작과 첫걸음,Beginnings,서툰 시작이 완벽한 계획을 이긴다.,A clumsy start beats a perfect plan.,Un comienzo torpe vence a un plan perfecto.,笨拙的开始胜过完美的计划。
15,시작과 첫걸음,Beginnings,오늘은 남은 인생에서 가장 젊은 날이다.,Today is the youngest day of the rest of your life.,Hoy es el día más joven del resto de tu vida.,今天是你余生中最年轻的一天。
16,시작과 첫걸음,Beginnings,새로운 길은 처음 걷는 사람에 의해 만들어진다.,New roads are made by those who walk them first.,Los caminos nuevos los crean quienes los recorren primero.,新路，是由第一个走的人开辟的。
17,시작과 첫걸음,Beginnings,"두려움은 시작 전에 가장 크고, 시작 후에 가장 작다.",Fear is largest before you begin and smallest after.,El miedo es mayor antes de empezar y menor después.,恐惧在开始前最大，开始后最小。
18,시작과 첫걸음,Beginnings,"계획은 종이 위에서, 변화는 발밑에서 일어난다.",Plans happen on paper; change happens under your feet.,"Los planes ocurren en el papel; el cambio, bajo tus pies.",计划发生在纸上，改变发生在脚下。
19,시작과 첫걸음,Beginnings,매일 1퍼센트의 시작이 1년 뒤의 나를 바꾼다.,One percent begun each day changes who you are in a year.,Un uno por ciento cada día cambia quién eres en un año.,每天开始百分之一，一年后你将焕然一新。
20,시작과 첫걸음,Beginnings,기회는 문을 두드리지 않는다. 당신이 문을 만든다.,Opportunity does not knock; you build the door.,La oportunidad no llama; tú construyes la puerta.,机会不会敲门，门要由你亲手打造。
21,시작과 첫걸음,Beginnings,"결심은 하루면 충분하고, 시작은 지금이면 충분하다.",A decision needs a day; a start needs only now.,Una decisión necesita un día; empezar solo necesita ahora.,决心只需一天，开始只需此刻。
22,시작과 첫걸음,Beginnings,"시작이 반이라면, 나머지 반은 계속하는 것이다.","If starting is half the work, continuing is the other half.","Si empezar es la mitad, continuar es la otra mitad.",如果开始是一半，坚持就是另一半。
23,시작과 첫걸음,Beginnings,처음부터 잘하는 사람은 없다. 시작한 사람만 잘하게 된다.,No one is good at first; only those who start ever get good.,Nadie es bueno al principio; solo quien empieza llega a serlo.,没有人一开始就擅长，只有开始的人才会变得擅长。
24,시작과 첫걸음,Beginnings,오늘 하지 않을 이유는 내일도 그대로 남아 있다.,The reason not to start today will still be there tomorrow.,La excusa de hoy seguirá ahí mañana.,今天不做的理由，明天依然存在。
25,시작과 첫걸음,Beginnings,백 번의 다짐보다 한 번의 실행이 낫다.,One action is worth a hundred resolutions.,Una acción vale más que cien promesas.,一次行动胜过一百次决心。
26,끈기와 인내,Persistence,"재능은 출발선을 정하고, 끈기는 도착선을 정한다.",Talent sets the starting line; persistence sets the finish line.,El talento marca la salida; la constancia marca la meta.,天赋决定起点，坚持决定终点。
27,끈기와 인내,Persistence,포기하지 않는 한 아직 결과는 나오지 않았다.,"As long as you do not quit, the result is not yet in.","Mientras no te rindas, el resultado aún no está decidido.",只要不放弃，结果就还没有揭晓。
28,끈기와 인내,Persistence,매일 조금씩 하는 사람을 이길 방법은 없다.,There is no way to beat someone who shows up every day.,No hay forma de vencer a quien aparece todos los días.,没有办法打败每天都坚持的人。
29,끈기와 인내,Persistence,물방울이 바위를 뚫는 것은 힘이 아니라 반복이다.,A drop pierces stone not by force but by repetition.,"La gota perfora la roca no por fuerza, sino por repetición.",水滴石穿，靠的不是力量，而是重复。
30,끈기와 인내,Persistence,가장 어두운 구간이 대개 결승선 직전이다.,The darkest stretch usually lies just before the finish.,El tramo más oscuro suele estar justo antes de la meta.,最黑暗的一段，往往就在终点之前。
31,끈기와 인내,Persistence,성장은 지루한 반복 속에 숨어 있다.,Growth hides inside boring repetition.,El crecimiento se esconde en la repetición aburrida.,成长藏在枯燥的重复之中。
32,끈기와 인내,Persistence,"천천히 가는 것을 두려워 말고, 멈추는 것을 두려워하라.",Do not fear going slowly; fear standing still.,No temas avanzar despacio; teme detenerte.,不怕走得慢，只怕停下来。
33,끈기와 인내,Persistence,버티는 것도 실력이다.,Endurance is a skill of its own.,Resistir también es una habilidad.,坚持本身就是一种能力。
34,끈기와 인내,Persistence,오래 하는 사람이 결국 잘하는 사람이 된다.,Those who last the longest end up the best.,Quien más dura termina siendo el mejor.,坚持最久的人，最终成为最优秀的人。
35,끈기와 인내,Persistence,하루의 노력은 티가 나지 않지만 일 년의 노력은 숨길 수 없다.,A day of effort is invisible; a year of it cannot be hidden.,Un día de esfuerzo no se ve; un año no se puede ocultar.,一天的努力看不见，一年的努力藏不住。
36,끈기와 인내,Persistence,대나무는 4년 동안 뿌리를 내리고 5년째에 하늘로 솟는다.,Bamboo spends years on roots before it shoots toward the sky.,El bambú pasa años echando raíces antes de crecer hacia el cielo.,竹子扎根多年，才在某一年冲天而起。
37,끈기와 인내,Persistence,중단하지 않은 노력에는 이자가 붙는다.,Effort that is never interrupted earns interest.,El esfuerzo ininterrumpido genera intereses.,不中断的努力会产生复利。
38,끈기와 인내,Persistence,끝까지 남아 있는 사람에게 기회가 온다.,Opportunity finds whoever is still standing at the end.,La oportunidad encuentra a quien sigue en pie al final.,机会属于坚持到最后的人。
39,끈기와 인내,Persistence,의욕이 사라진 날에도 움직이는 것이 프로다.,A professional moves even on days when motivation is gone.,El profesional actúa incluso cuando la motivación desaparece.,即使没有动力也照常行动，才是专业。
40,끈기와 인내,Persistence,"한 번 더 시도하는 것, 그것이 전부다.",One more attempt is the whole secret.,Un intento más: ese es todo el secreto.,再试一次，就是全部的秘诀。
41,끈기와 인내,Persistence,피로는 목표에 가까워졌다는 신호일 때가 많다.,Fatigue is often a sign that the goal is near.,El cansancio suele indicar que la meta está cerca.,疲惫，往往意味着目标已近。
42,끈기와 인내,Persistence,나무는 매일 자라지 않지만 매년 굵어진다.,"A tree does not grow daily, yet it thickens every year.","Un árbol no crece cada día, pero engrosa cada año.",树木并非每天可见地长大，却年年变粗。
43,끈기와 인내,Persistence,중요한 일일수록 지겨움을 견뎌야 한다.,"The more important the work, the more tedium it demands.","Cuanto más importante el trabajo, más tedio exige.",越重要的事，越需要忍受枯燥。
44,끈기와 인내,Persistence,성공은 갑자기 오는 것이 아니라 누적되어 드러난다.,Success does not arrive suddenly; it accumulates and then shows.,El éxito no llega de golpe; se acumula y luego se revela.,成功不是突然到来，而是积累后显现。
45,끈기와 인내,Persistence,오늘 그만두면 어제의 노력까지 사라진다.,Quit today and yesterday's effort disappears too.,"Si abandonas hoy, también desaparece el esfuerzo de ayer.",今天放弃，昨天的努力也一并消失。
46,끈기와 인내,Persistence,계속하는 힘은 재능보다 희소하다.,The ability to continue is rarer than talent.,La capacidad de continuar es más rara que el talento.,坚持的能力，比天赋更稀有。
47,끈기와 인내,Persistence,무거운 돌도 백 번 치면 쪼개진다.,Even a heavy stone splits after a hundred strikes.,Incluso una piedra pesada se parte tras cien golpes.,再重的石头，敲一百次也会裂开。
48,끈기와 인내,Persistence,목표를 향한 걸음에는 작은 걸음이란 없다.,"On the way to a goal, no step is a small step.","Camino a una meta, ningún paso es pequeño.",通往目标的路上，没有一步是小步。
49,끈기와 인내,Persistence,숨이 찰 때 비로소 근육이 자란다.,Muscle grows only when breath runs short.,El músculo crece solo cuando falta el aliento.,气喘吁吁之时，肌肉才开始生长。
50,끈기와 인내,Persistence,"하루를 이기면 한 달을 이기고, 한 달을 이기면 인생을 이긴다.","Win a day, win a month; win a month, win a life.",Gana un día y ganarás un mes; gana un mes y ganarás la vida.,赢下一天就能赢下一月，赢下一月就能赢下人生。
51,실패와 회복,Resilience,실패는 결과가 아니라 데이터다.,Failure is not a verdict; it is data.,"El fracaso no es un veredicto, es información.",失败不是判决，而是数据。
52,실패와 회복,Resilience,"넘어지는 것은 사고지만, 일어나지 않는 것은 선택이다.",Falling is an accident; staying down is a choice.,Caer es un accidente; quedarse abajo es una elección.,跌倒是意外，不起来是选择。
53,실패와 회복,Resilience,가장 값진 수업료는 실패에 지불한 돈이다.,The most valuable tuition is what you pay to failure.,La matrícula más valiosa es la que pagas al fracaso.,最有价值的学费，是为失败付出的代价。
54,실패와 회복,Resilience,같은 실수를 반복하지 않는다면 그것은 실패가 아니다.,"If you do not repeat the mistake, it was not a failure.","Si no repites el error, no fue un fracaso.",不重复同样的错误，就不算失败。
55,실패와 회복,Resilience,바닥은 무너지는 곳이 아니라 딛고 서는 곳이다.,The bottom is not where you sink but where you push off.,"El fondo no es donde te hundes, sino donde te impulsas.",谷底不是下沉之处，而是起跳之处。
56,실패와 회복,Resilience,"상처는 흉터가 되고, 흉터는 갑옷이 된다.","Wounds become scars, and scars become armor.","Las heridas se vuelven cicatrices, y las cicatrices, armadura.",伤口变成疤痕，疤痕变成铠甲。
57,실패와 회복,Resilience,한 번의 실패가 한 사람을 정의하지는 않는다.,A single failure does not define a person.,Un solo fracaso no define a una persona.,一次失败无法定义一个人。
58,실패와 회복,Resilience,무너진 뒤에 세운 것이 더 단단하다.,What you rebuild after collapse stands firmer.,Lo que reconstruyes tras el derrumbe es más firme.,倒塌之后重建的，更加坚固。
59,실패와 회복,Resilience,실패를 두려워하면 배움도 함께 잃는다.,Fear failure and you lose the lesson with it.,"Si temes al fracaso, pierdes también la lección.",害怕失败，就会连同教训一起失去。
60,실패와 회복,Resilience,가장 빠른 회복은 원인을 정직하게 보는 것이다.,The fastest recovery begins with an honest look at the cause.,La recuperación más rápida empieza mirando la causa con honestidad.,最快的恢复，始于诚实面对原因。
61,실패와 회복,Resilience,잘못된 길을 오래 걷지 않는 것도 성공이다.,Not walking a wrong road for long is also a success.,No recorrer mucho tiempo un mal camino también es un éxito.,不在错误的路上久留，也是一种成功。
62,실패와 회복,Resilience,"후회는 과거를 붙잡고, 반성은 미래를 만든다.",Regret holds the past; reflection builds the future.,El arrepentimiento retiene el pasado; la reflexión construye el futuro.,懊悔困住过去，反省创造未来。
63,실패와 회복,Resilience,시련은 사람을 시험하는 것이 아니라 드러낸다.,Hardship does not test you; it reveals you.,La adversidad no te pone a prueba; te revela.,苦难不是考验你，而是揭示你。
64,실패와 회복,Resilience,폭풍이 지나간 자리에서 뿌리는 더 깊어진다.,Roots grow deeper where the storm has passed.,Las raíces crecen más hondas donde pasó la tormenta.,风暴过后，根扎得更深。
65,실패와 회복,Resilience,다시 일어서는 속도가 그 사람의 크기다.,How fast you rise again is the measure of you.,La rapidez con que te levantas es tu verdadera medida.,重新站起的速度，决定你的高度。
66,실패와 회복,Resilience,실수를 인정하는 순간 성장은 시작된다.,Growth begins the moment you admit the mistake.,El crecimiento empieza al admitir el error.,承认错误的那一刻，成长就开始了。
67,실패와 회복,Resilience,모든 전문가는 수많은 실패의 생존자다.,Every expert is a survivor of countless failures.,Todo experto es sobreviviente de innumerables fracasos.,每一位专家，都是无数失败的幸存者。
68,실패와 회복,Resilience,안전한 길에는 배움이 적다.,Safe roads teach little.,Los caminos seguros enseñan poco.,安全的路，教给你的很少。
69,실패와 회복,Resilience,실패한 시도는 아무것도 하지 않은 날보다 값지다.,A failed attempt is worth more than a day of nothing.,Un intento fallido vale más que un día sin hacer nada.,失败的尝试，胜过什么都不做的一天。
70,실패와 회복,Resilience,무릎이 꺾여도 방향은 꺾이지 않게 하라.,"Let your knees bend, but never your direction.","Que se doblen tus rodillas, nunca tu rumbo.",膝盖可以弯，方向不能弯。
71,실패와 회복,Resilience,절망은 사실이 아니라 감정이다.,"Despair is a feeling, not a fact.","La desesperación es un sentimiento, no un hecho.",绝望是情绪，不是事实。
72,실패와 회복,Resilience,오늘의 상실이 내일의 여백이 된다.,Today's loss becomes tomorrow's open space.,La pérdida de hoy es el espacio libre de mañana.,今天的失去，成为明天的空间。
73,실패와 회복,Resilience,잃어본 사람만이 지킬 줄 안다.,Only those who have lost know how to protect.,Solo quien ha perdido sabe proteger.,失去过的人，才懂得守护。
74,실패와 회복,Resilience,끝이라고 생각한 지점이 대개 전환점이다.,The point you thought was the end is usually the turn.,El punto que creías el final suele ser el giro.,你以为的终点，往往是转折点。
75,실패와 회복,Resilience,넘어진 자리를 원망하지 말고 지도에 표시하라.,Do not curse where you fell; mark it on your map.,No maldigas dónde caíste; márcalo en tu mapa.,不要抱怨跌倒之处，把它标在地图上。
76,습관과 루틴,Habits,의지는 흔들리지만 습관은 버틴다.,Willpower wavers; habits hold.,La voluntad flaquea; los hábitos permanecen.,意志会动摇，习惯会坚守。
77,습관과 루틴,Habits,당신이 반복하는 것이 곧 당신이다.,You are what you repeat.,Eres lo que repites.,你重复做的事，就是你。
78,습관과 루틴,Habits,좋은 습관은 미래의 나에게 보내는 선물이다.,A good habit is a gift to your future self.,Un buen hábito es un regalo a tu yo futuro.,好习惯，是送给未来自己的礼物。
79,습관과 루틴,Habits,하루 10분이 10년을 바꾼다.,Ten minutes a day changes ten years.,Diez minutos al día cambian diez años.,每天十分钟，改变十年。
80,습관과 루틴,Habits,시작을 쉽게 만들면 지속은 저절로 따라온다.,Make starting easy and continuing takes care of itself.,Haz fácil el comienzo y la constancia llegará sola.,让开始变简单，坚持自然会来。
81,습관과 루틴,Habits,환경을 바꾸는 것이 결심보다 강력하다.,Changing your environment beats making a resolution.,Cambiar el entorno supera a cualquier propósito.,改变环境，比下决心更有效。
82,습관과 루틴,Habits,하루를 지배하는 사람이 인생을 지배한다.,Whoever rules the day rules the life.,Quien domina el día domina la vida.,掌控一天的人，掌控人生。
83,습관과 루틴,Habits,완벽한 하루보다 빠지지 않는 하루가 낫다.,A day not missed beats a day made perfect.,Mejor un día sin faltar que un día perfecto.,不缺席的一天，胜过完美的一天。
84,습관과 루틴,Habits,이틀 연속 거르지 않는 것이 최고의 규칙이다.,Never skip twice in a row: the best rule there is.,Nunca faltes dos veces seguidas: la mejor regla que existe.,绝不连续缺席两天，这是最好的规则。
85,습관과 루틴,Habits,아침 한 시간이 하루 전체의 방향을 정한다.,The first hour sets the direction of the whole day.,La primera hora marca el rumbo de todo el día.,清晨的一小时，决定一整天的方向。
86,습관과 루틴,Habits,작게 시작해야 오래 간다.,Start small if you want it to last.,Empieza pequeño si quieres que dure.,想要长久，就要从小处开始。
87,습관과 루틴,Habits,측정하지 않는 습관은 오래가지 않는다.,A habit you do not measure will not last.,Un hábito que no mides no perdura.,不去衡量的习惯，无法持久。
88,습관과 루틴,Habits,루틴은 창의력을 가두지 않고 보호한다.,Routine does not cage creativity; it protects it.,La rutina no encierra la creatividad; la protege.,规律不会束缚创造力，而是保护它。
89,습관과 루틴,Habits,반복은 지루하지만 결과는 지루하지 않다.,Repetition is boring; its results are not.,La repetición aburre; sus resultados no.,重复很枯燥，结果绝不枯燥。
90,습관과 루틴,Habits,나쁜 습관은 처음엔 손님이고 나중엔 주인이다.,A bad habit starts as a guest and ends as the host.,Un mal hábito empieza como invitado y acaba como dueño.,坏习惯起初是客人，最后成了主人。
91,습관과 루틴,Habits,결심은 잊혀지지만 시스템은 남는다.,Resolutions are forgotten; systems remain.,Los propósitos se olvidan; los sistemas permanecen.,决心会被遗忘，系统会留下。
92,습관과 루틴,Habits,오늘 한 선택이 내일의 기본값이 된다.,Today's choice becomes tomorrow's default.,La elección de hoy es el ajuste por defecto de mañana.,今天的选择，成为明天的默认。
93,습관과 루틴,Habits,버리는 습관 하나가 새 습관 열 개보다 낫다.,Dropping one habit beats adding ten.,Dejar un hábito vale más que sumar diez.,戒掉一个习惯，胜过增加十个。
94,습관과 루틴,Habits,하기 싫은 일을 먼저 하면 하루가 가벼워진다.,Do the thing you dread first and the day gets lighter.,Haz primero lo que temes y el día se aligera.,先做最不想做的事，一天就会轻松。
95,습관과 루틴,Habits,습관은 복리처럼 쌓인다.,Habits compound like interest.,Los hábitos se acumulan como el interés compuesto.,习惯如复利般累积。
96,습관과 루틴,Habits,"같은 시간, 같은 자리, 같은 일이 실력을 만든다.","Same time, same place, same work: that is mastery.","Misma hora, mismo lugar, mismo trabajo: eso es maestría.",同样的时间、地点、事情，成就精通。
97,습관과 루틴,Habits,의욕을 기다리지 말고 일정을 지켜라.,Do not wait for motivation; keep the schedule.,No esperes la motivación; cumple el horario.,不要等待动力，遵守日程即可。
98,습관과 루틴,Habits,하루의 마무리가 다음 날의 출발이다.,How you end a day is how you start the next.,Cómo terminas el día es cómo empiezas el siguiente.,一天的结束，就是次日的开始。
99,습관과 루틴,Habits,작은 규칙 하나가 무너지면 큰 계획도 무너진다.,Break one small rule and the big plan breaks too.,Rompe una regla pequeña y el gran plan se rompe.,一条小规则崩塌，大计划也随之崩塌。
100,습관과 루틴,Habits,좋은 습관은 자유를 빼앗지 않고 만들어 준다.,Good habits do not take freedom; they create it.,Los buenos hábitos no quitan libertad; la crean.,好习惯不夺走自由，而是创造自由。
101,시간과 우선순위,Time,시간은 관리되는 것이 아니라 선택되는 것이다.,Time is not managed; it is chosen.,El tiempo no se gestiona; se elige.,时间不是被管理的，而是被选择的。
102,시간과 우선순위,Time,바쁘다는 말은 우선순위가 없다는 말이다.,Saying you are busy often means you have no priorities.,Decir que estás ocupado suele significar que no tienes prioridades.,说自己忙，往往意味着没有优先级。
103,시간과 우선순위,Time,무엇을 하지 않을지 정하는 것이 전략이다.,Deciding what not to do is strategy.,Decidir qué no hacer es la estrategia.,决定不做什么，才是策略。
104,시간과 우선순위,Time,하루는 모두에게 같지만 밀도는 각자 다르다.,Everyone gets the same day; not everyone fills it the same.,Todos tienen el mismo día; no todos lo llenan igual.,每个人的一天相同，密度却各不相同。
105,시간과 우선순위,Time,급한 일이 중요한 일을 밀어내게 두지 마라.,Never let the urgent push out the important.,Nunca dejes que lo urgente desplace a lo importante.,不要让紧急的事挤掉重要的事。
106,시간과 우선순위,Time,시간을 쓰는 방식이 곧 가치관이다.,How you spend your hours is what you truly value.,Cómo gastas tus horas revela lo que valoras.,你如何花时间，就是你的价值观。
107,시간과 우선순위,Time,잃어버린 시간만은 되살 수 없다.,Time is the only thing you cannot buy back.,El tiempo es lo único que no puedes recuperar.,唯有时间买不回来。
108,시간과 우선순위,Time,모든 것에 예라고 답하면 결국 아무것도 못 한다.,Say yes to everything and you finish nothing.,Di sí a todo y no terminarás nada.,对一切说好，最终一事无成。
109,시간과 우선순위,Time,거절은 시간을 지키는 가장 정직한 방법이다.,Saying no is the most honest way to protect your time.,Decir que no es la forma más honesta de proteger tu tiempo.,拒绝，是守护时间最诚实的方式。
110,시간과 우선순위,Time,내일의 나는 오늘의 나보다 한가하지 않다.,Tomorrow's you will not be freer than today's.,El tú de mañana no estará más libre que el de hoy.,明天的你，不会比今天更空闲。
111,시간과 우선순위,Time,한 번에 하나씩이 가장 빠른 길이다.,One thing at a time is the fastest route.,Una cosa a la vez es el camino más rápido.,一次做一件事，才是最快的路。
112,시간과 우선순위,Time,중요한 일에는 가장 좋은 시간을 배정하라.,Give your best hours to your most important work.,Dedica tus mejores horas a lo más importante.,把最好的时间留给最重要的事。
113,시간과 우선순위,Time,시간이 없는 게 아니라 순서가 없는 것이다.,You do not lack time; you lack order.,No te falta tiempo; te falta orden.,不是没有时间，而是没有顺序。
114,시간과 우선순위,Time,일정을 정하지 않으면 남이 정해 준다.,"If you do not schedule your day, someone else will.","Si no planificas tu día, alguien lo hará por ti.",你不安排你的时间，别人就会替你安排。
115,시간과 우선순위,Time,미루기는 시간을 아끼는 게 아니라 이자를 붙인다.,Procrastination does not save time; it charges interest.,Procrastinar no ahorra tiempo; cobra intereses.,拖延不省时间，只会收取利息。
116,시간과 우선순위,Time,짧은 시간에 집중하는 편이 긴 시간을 흘려보내는 것보다 낫다.,A short focused hour beats a long distracted day.,Una hora concentrada vale más que un día disperso.,专注的一小时，胜过分心的一整天。
117,시간과 우선순위,Time,계획은 시간을 늘려 주지 않지만 낭비를 줄여 준다.,Planning does not add hours; it removes waste.,Planificar no añade horas; elimina desperdicio.,计划不会增加时间，但能减少浪费。
118,시간과 우선순위,Time,오늘 저녁의 30분이 내일 아침의 두 시간을 벌어 준다.,Thirty minutes tonight buys two hours tomorrow.,Treinta minutos esta noche compran dos horas mañana.,今晚的三十分钟，换来明早的两小时。
119,시간과 우선순위,Time,마감은 적이 아니라 가장 성실한 동료다.,A deadline is not an enemy but your most reliable colleague.,"Una fecha límite no es enemiga, sino tu colega más fiel.",截止日期不是敌人，而是最忠实的同事。
120,시간과 우선순위,Time,시간을 벌고 싶다면 먼저 정리하라.,"If you want more time, start by clearing space.","Si quieres más tiempo, empieza por ordenar.",想要更多时间，先从整理开始。
121,시간과 우선순위,Time,하루를 잘게 쪼개면 인생이 넓어진다.,Divide the day well and life widens.,Divide bien el día y la vida se ensancha.,把一天分好，人生就会变宽。
122,시간과 우선순위,Time,기다리는 시간도 당신의 시간이다.,Time spent waiting is still your time.,El tiempo de espera también es tu tiempo.,等待的时间，也是你的时间。
123,시간과 우선순위,Time,바쁨은 성취가 아니다.,Being busy is not the same as achieving.,Estar ocupado no es lo mismo que lograr.,忙碌不等于成就。
124,시간과 우선순위,Time,일주일을 설계하면 한 해가 달라진다.,Design your week and your year changes.,Diseña tu semana y cambiará tu año.,设计好一周，一年就不同。
125,시간과 우선순위,Time,가장 값비싼 낭비는 무엇을 할지 고민하는 시간이다.,The costliest waste is time spent deciding what to do.,El desperdicio más caro es dudar sobre qué hacer.,最昂贵的浪费，是纠结该做什么。
126,자기 믿음,Self-Belief,스스로를 믿지 않으면 누구도 대신 믿어 주지 않는다.,"If you do not believe in yourself, no one will do it for you.","Si no crees en ti, nadie lo hará por ti.",如果你不相信自己，没有人会替你相信。
127,자기 믿음,Self-Belief,남의 기준으로 살면 남의 인생을 사는 것이다.,Live by another's standard and you live another's life.,Vivir según el criterio ajeno es vivir la vida de otro.,按别人的标准活，就是过别人的人生。
128,자기 믿음,Self-Belief,자신에게 하는 말이 가장 오래 남는 말이다.,What you say to yourself lasts longest.,Lo que te dices a ti mismo es lo que más perdura.,你对自己说的话，留存最久。
129,자기 믿음,Self-Belief,당신의 가치는 남의 평가로 정해지지 않는다.,Your worth is not set by anyone's opinion.,Tu valor no lo define la opinión de nadie.,你的价值，不由他人的评价决定。
130,자기 믿음,Self-Belief,자신감은 성공의 결과가 아니라 시도의 결과다.,"Confidence comes from attempting, not from succeeding.","La confianza nace de intentar, no de triunfar.",自信来自尝试，而非成功。
131,자기 믿음,Self-Belief,비교는 성장을 멈추게 하는 가장 조용한 방법이다.,Comparison is the quietest way to stop growing.,Compararse es la forma más silenciosa de dejar de crecer.,比较，是停止成长最安静的方式。
132,자기 믿음,Self-Belief,당신이 스스로 정한 한계가 대부분의 한계다.,Most of your limits are the ones you set yourself.,La mayoría de tus límites los pones tú.,你的多数极限，是自己设定的。
133,자기 믿음,Self-Belief,자기 자신과의 약속을 지키는 사람이 강해진다.,Strength comes from keeping promises to yourself.,La fuerza viene de cumplir las promesas que te haces.,信守对自己的承诺，才会变强。
134,자기 믿음,Self-Belief,목소리를 낮추지 마라. 당신의 이야기는 들릴 가치가 있다.,Do not lower your voice; your story deserves to be heard.,No bajes la voz; tu historia merece ser escuchada.,不要压低声音，你的故事值得被听见。
135,자기 믿음,Self-Belief,남과 다른 것이 곧 부족한 것은 아니다.,Being different is not the same as being less.,Ser diferente no es ser menos.,与众不同，并不意味着不够好。
136,자기 믿음,Self-Belief,누구도 당신만큼 당신의 가능성을 알지 못한다.,No one knows your potential the way you do.,Nadie conoce tu potencial como tú.,没有人比你更了解你的可能性。
137,자기 믿음,Self-Belief,자신을 돌보는 일은 이기심이 아니라 책임이다.,"Caring for yourself is responsibility, not selfishness.","Cuidarte no es egoísmo, es responsabilidad.",照顾自己不是自私，而是责任。
138,자기 믿음,Self-Belief,부족함을 인정하는 것도 자신감의 일부다.,Admitting what you lack is part of confidence.,Reconocer lo que te falta también es confianza.,承认不足，也是自信的一部分。
139,자기 믿음,Self-Belief,당신은 이미 예전의 당신이 부러워하던 사람이다.,You are already someone your past self hoped to become.,Ya eres alguien que tu yo del pasado deseaba ser.,你已经成为过去的自己所羡慕的人。
140,자기 믿음,Self-Belief,칭찬은 사양해도 성취는 사양하지 마라.,"Decline the praise if you must, but never the achievement.","Rechaza el elogio si quieres, nunca el logro.",可以谦让赞美，但别谦让成就。
141,자기 믿음,Self-Belief,자기 확신은 소음 속에서 방향을 지키는 힘이다.,Self-trust is what holds your direction amid noise.,La confianza en uno mismo mantiene el rumbo entre el ruido.,自我确信，是在喧嚣中守住方向的力量。
142,자기 믿음,Self-Belief,스스로에게 가혹한 사람이 가장 늦게 성장한다.,Those hardest on themselves grow the slowest.,Quien más duro es consigo mismo crece más lento.,对自己最苛刻的人，成长最慢。
143,자기 믿음,Self-Belief,당신의 속도가 곧 당신의 길이다.,Your pace is your path.,Tu ritmo es tu camino.,你的速度，就是你的路。
144,자기 믿음,Self-Belief,의심이 들 때는 지나온 길을 돌아보라.,"When doubt comes, look back at how far you came.","Cuando dudes, mira cuánto has avanzado.",怀疑时，回头看看走过的路。
145,자기 믿음,Self-Belief,완벽하지 않아도 시작할 자격은 충분하다.,You need not be perfect to be qualified to begin.,No necesitas ser perfecto para empezar.,不必完美，也完全有资格开始。
146,자기 믿음,Self-Belief,남의 성공이 당신의 실패를 뜻하지 않는다.,Someone else's success is not your failure.,El éxito ajeno no es tu fracaso.,别人的成功，不代表你的失败。
147,자기 믿음,Self-Belief,자기 신뢰는 작은 약속들의 누적이다.,Self-trust is the sum of small promises kept.,La confianza propia es la suma de pequeñas promesas cumplidas.,自我信任，是小承诺的累积。
148,자기 믿음,Self-Belief,당신의 이야기는 아직 절반도 쓰이지 않았다.,Your story is not even half written.,Tu historia aún no está ni a la mitad.,你的故事，还没写到一半。
149,자기 믿음,Self-Belief,자격은 주어지는 것이 아니라 만들어 가는 것이다.,Qualification is not granted; it is built.,La calificación no se otorga; se construye.,资格不是被赋予的，而是自己创造的。
150,자기 믿음,Self-Belief,스스로를 응원하는 사람이 끝까지 간다.,Those who cheer for themselves go the distance.,Quien se anima a sí mismo llega hasta el final.,为自己加油的人，才能走到最后。
151,성장과 배움,Growth,모르는 것을 인정하는 순간부터 배움이 시작된다.,Learning begins the moment you admit you do not know.,Aprender comienza al admitir que no sabes.,承认无知的那一刻，学习才开始。
152,성장과 배움,Growth,어제보다 나아졌다면 오늘은 성공한 날이다.,"If you are better than yesterday, today was a success.","Si eres mejor que ayer, hoy fue un éxito.",比昨天更好，今天就是成功的一天。
153,성장과 배움,Growth,불편함은 성장의 입구다.,Discomfort is the doorway to growth.,La incomodidad es la puerta del crecimiento.,不适，是成长的入口。
154,성장과 배움,Growth,질문의 크기가 성장의 크기를 정한다.,The size of your questions sets the size of your growth.,El tamaño de tus preguntas define tu crecimiento.,问题的大小，决定成长的大小。
155,성장과 배움,Growth,가르칠 때 가장 많이 배운다.,You learn the most when you teach.,Se aprende más cuando se enseña.,教的时候，学得最多。
156,성장과 배움,Growth,배움에는 정년이 없다.,Learning has no retirement age.,Aprender no tiene edad de jubilación.,学习没有退休年龄。
157,성장과 배움,Growth,아는 것과 하는 것 사이의 거리가 실력이다.,Skill is the distance between knowing and doing.,La habilidad es la distancia entre saber y hacer.,知与行之间的距离，就是实力。
158,성장과 배움,Growth,익숙한 곳에는 새로운 것이 없다.,Nothing new lives in familiar places.,En lo familiar no hay nada nuevo.,熟悉的地方，没有新东西。
159,성장과 배움,Growth,비판은 쓰지만 가장 빠른 지름길이다.,Criticism tastes bitter but is the shortest road.,"La crítica es amarga, pero es el camino más corto.",批评虽苦，却是最快的捷径。
160,성장과 배움,Growth,같은 책도 다른 시기에 읽으면 다른 책이 된다.,The same book read at a different time is a different book.,El mismo libro leído en otro momento es otro libro.,同一本书，在不同时期读，就是另一本书。
161,성장과 배움,Growth,성장은 직선이 아니라 계단이다.,Growth is not a line; it is a staircase.,El crecimiento no es una línea; es una escalera.,成长不是直线，而是台阶。
162,성장과 배움,Growth,배운 것을 써먹지 않으면 배운 것이 아니다.,Knowledge unused is knowledge unlearned.,El conocimiento sin uso no es conocimiento.,不去使用的知识，等于没学。
163,성장과 배움,Growth,나보다 나은 사람 곁에 있는 것이 가장 빠른 학습이다.,Standing beside better people is the fastest schooling.,Rodearte de gente mejor es la escuela más rápida.,与优秀的人为伍，是最快的学习。
164,성장과 배움,Growth,모방은 창조의 첫 번째 연습이다.,Imitation is creation's first exercise.,La imitación es el primer ejercicio de la creación.,模仿，是创造的第一次练习。
165,성장과 배움,Growth,초심자의 서투름은 부끄러움이 아니라 증거다.,A beginner's clumsiness is not shame but proof.,"La torpeza del principiante no es vergüenza, es prueba.",新手的笨拙不是羞耻，而是证明。
166,성장과 배움,Growth,피드백을 견디는 힘이 실력을 만든다.,The ability to absorb feedback builds skill.,La capacidad de aceptar críticas construye habilidad.,承受反馈的能力，造就实力。
167,성장과 배움,Growth,배움을 멈춘 순간부터 늙기 시작한다.,You begin to age the moment you stop learning.,Envejeces desde el instante en que dejas de aprender.,停止学习的那一刻，衰老就开始了。
168,성장과 배움,Growth,"깊이는 시간이 만들고, 넓이는 호기심이 만든다.",Time creates depth; curiosity creates breadth.,"El tiempo da profundidad; la curiosidad, amplitud.",时间造就深度，好奇造就广度。
169,성장과 배움,Growth,기록하지 않은 경험은 절반만 남는다.,Experience unrecorded is experience half kept.,La experiencia sin registrar se conserva a medias.,没有记录的经验，只留下一半。
170,성장과 배움,Growth,모든 전문성은 처음에 낯선 단어에서 시작했다.,Every expertise began as an unfamiliar word.,Toda especialidad empezó como una palabra desconocida.,所有专业，都始于一个陌生的词。
171,성장과 배움,Growth,배움은 채우는 일이자 비우는 일이다.,Learning is as much unlearning as it is filling.,Aprender es tanto vaciar como llenar.,学习既是填满，也是清空。
172,성장과 배움,Growth,어려운 책이 쉬운 책보다 오래 남는다.,A difficult book stays with you longer than an easy one.,Un libro difícil permanece más que uno fácil.,难读的书，比易读的书留得更久。
173,성장과 배움,Growth,성장하려면 잘하는 일 옆에 못하는 일을 두어야 한다.,"To grow, keep something you are bad at next to what you do well.","Para crecer, pon junto a lo que dominas algo que no dominas.",想成长，就要在擅长之事旁放上不擅长之事。
174,성장과 배움,Growth,오늘 이해한 것을 내일 설명할 수 있어야 진짜다.,You truly know it only if you can explain it tomorrow.,Solo lo sabes de verdad si puedes explicarlo mañana.,明天能讲出来，才算真懂。
175,성장과 배움,Growth,경험은 시간이 아니라 반성에서 온다.,"Experience comes from reflection, not from time.","La experiencia viene de la reflexión, no del tiempo.",经验来自反思，而非时间。
176,목표와 비전,Vision,목적지가 없으면 어떤 바람도 순풍이 아니다.,"Without a destination, no wind is a fair wind.","Sin destino, ningún viento es favorable.",没有目的地，任何风都不是顺风。
177,목표와 비전,Vision,목표는 종이에 적히는 순간 계획이 된다.,A goal becomes a plan the moment it is written down.,Una meta se vuelve plan al escribirse.,目标写在纸上的那一刻，就成了计划。
178,목표와 비전,Vision,큰 꿈은 작은 마감으로 이루어진다.,Big dreams are built from small deadlines.,Los grandes sueños se construyen con pequeños plazos.,大梦想由小截止日期构成。
179,목표와 비전,Vision,어디로 가는지 알면 속도는 문제가 되지 않는다.,"If you know where you are going, speed matters less.","Si sabes adónde vas, la velocidad importa menos.",知道去哪里，速度就不是问题。
180,목표와 비전,Vision,측정할 수 없는 목표는 소원일 뿐이다.,A goal you cannot measure is only a wish.,Una meta que no puedes medir es solo un deseo.,无法衡量的目标，只是愿望。
181,목표와 비전,Vision,목표를 낮추지 말고 방법을 바꿔라.,Do not lower the goal; change the method.,No bajes la meta; cambia el método.,不要降低目标，要改变方法。
182,목표와 비전,Vision,비전은 오늘의 고단함에 의미를 준다.,Vision gives meaning to today's hardship.,La visión da sentido a la dureza de hoy.,愿景，赋予今日辛劳以意义。
183,목표와 비전,Vision,남의 목표를 좇으면 도착해도 공허하다.,Chase another's goal and arrival feels empty.,Persigue la meta de otro y llegar te dejará vacío.,追逐别人的目标，到达也会空虚。
184,목표와 비전,Vision,"목표는 방향이고, 습관은 엔진이다.",Goals give direction; habits give the engine.,"Las metas dan dirección; los hábitos, el motor.",目标是方向，习惯是引擎。
185,목표와 비전,Vision,10년 뒤를 생각하면 오늘의 선택이 쉬워진다.,Think ten years ahead and today's choice gets easy.,Piensa en diez años y la decisión de hoy será fácil.,想想十年后，今天的选择就容易了。
186,목표와 비전,Vision,많은 목표는 목표가 없는 것과 같다.,Too many goals is the same as none.,Demasiadas metas equivalen a ninguna.,目标太多，等于没有目标。
187,목표와 비전,Vision,이루고 싶은 것보다 되고 싶은 사람을 먼저 정하라.,Decide who you want to be before what you want to have.,Decide quién quieres ser antes de qué quieres tener.,先决定想成为谁，再决定想得到什么。
188,목표와 비전,Vision,계획은 바뀌어도 방향은 유지하라.,"Let the plan change, but keep the direction.","Deja que el plan cambie, pero mantén el rumbo.",计划可以变，方向要坚持。
189,목표와 비전,Vision,눈에 보이는 목표가 눈에 보이는 결과를 만든다.,A visible goal produces visible results.,Una meta visible produce resultados visibles.,看得见的目标，带来看得见的结果。
190,목표와 비전,Vision,도달할 수 없어 보이는 목표만이 사람을 키운다.,Only goals that look unreachable grow a person.,Solo las metas que parecen inalcanzables te hacen crecer.,唯有看似遥不可及的目标，才能造就一个人。
191,목표와 비전,Vision,목표를 쪼개면 두려움도 함께 쪼개진다.,Break the goal apart and the fear breaks with it.,Divide la meta y el miedo se divide con ella.,把目标拆开，恐惧也随之拆开。
192,목표와 비전,Vision,성취한 뒤가 아니라 정한 순간부터 달라진다.,"You change the moment you decide, not after you achieve.","Cambias al decidir, no al lograr.",改变始于决定的那一刻，而非达成之后。
193,목표와 비전,Vision,목표 없는 노력은 물레방아처럼 제자리를 돈다.,Effort without a goal turns in place like a mill wheel.,El esfuerzo sin meta gira en el sitio como una rueda.,没有目标的努力，像水车般原地打转。
194,목표와 비전,Vision,가장 위험한 목표는 너무 쉬운 목표다.,The most dangerous goal is one that is too easy.,La meta más peligrosa es la demasiado fácil.,最危险的目标，是太容易的目标。
195,목표와 비전,Vision,목표를 공개하면 책임이 따라온다.,Announce your goal and accountability follows.,Anuncia tu meta y llegará la responsabilidad.,公开目标，责任随之而来。
196,목표와 비전,Vision,매일의 목표가 평생의 목표를 지탱한다.,Daily goals hold up a lifetime goal.,Las metas diarias sostienen la meta de una vida.,每日的目标，支撑一生的目标。
197,목표와 비전,Vision,무엇을 원하는지 모르면 무엇을 얻어도 부족하다.,"If you do not know what you want, nothing will be enough.","Si no sabes qué quieres, nada te bastará.",不知道想要什么，得到什么都不够。
198,목표와 비전,Vision,"목표는 지도이고, 실행은 신발이다.",The goal is a map; execution is a pair of shoes.,"La meta es el mapa; la ejecución, los zapatos.",目标是地图，执行是鞋子。
199,목표와 비전,Vision,끝을 그려 놓고 시작하라.,Picture the ending before you begin.,Imagina el final antes de empezar.,先描绘结局，再开始出发。
200,목표와 비전,Vision,이루지 못한 목표도 당신을 어딘가로 데려간다.,Even an unreached goal takes you somewhere.,Incluso una meta no alcanzada te lleva a algún lugar.,即使没达成的目标，也会带你到某处。
201,용기와 두려움,Courage,용기는 두려움이 없는 상태가 아니라 두려움과 함께 걷는 것이다.,Courage is not the absence of fear but walking with it.,"El valor no es ausencia de miedo, sino caminar con él.",勇气不是没有恐惧，而是带着恐惧前行。
202,용기와 두려움,Courage,가장 큰 위험은 아무 위험도 감수하지 않는 것이다.,The greatest risk is taking none at all.,El mayor riesgo es no arriesgar nada.,最大的风险，是不冒任何风险。
203,용기와 두려움,Courage,두려움은 대개 상상 속에서만 존재한다.,Fear usually lives only in the imagination.,El miedo suele vivir solo en la imaginación.,恐惧大多只存在于想象之中。
204,용기와 두려움,Courage,피하고 싶은 그 일이 대개 해야 할 일이다.,The thing you want to avoid is usually the thing to do.,Lo que quieres evitar suele ser lo que debes hacer.,你想逃避的事，往往正是该做的事。
205,용기와 두려움,Courage,용기는 근육처럼 쓸수록 커진다.,Courage grows like muscle with use.,"El valor crece con el uso, como un músculo.",勇气如肌肉，越用越强。
206,용기와 두려움,Courage,거절당하는 것은 사라지는 것이 아니다.,Being rejected is not being erased.,Ser rechazado no es desaparecer.,被拒绝，并不等于被抹去。
207,용기와 두려움,Courage,물어보지 않으면 답은 언제나 아니오다.,"If you never ask, the answer is always no.","Si no preguntas, la respuesta siempre es no.",不开口问，答案永远是不。
208,용기와 두려움,Courage,두려움을 말로 꺼내면 절반이 사라진다.,Say your fear out loud and half of it leaves.,Di tu miedo en voz alta y la mitad se irá.,把恐惧说出口，一半就消失了。
209,용기와 두려움,Courage,안전지대는 편안하지만 아무것도 자라지 않는다.,"The comfort zone is pleasant, but nothing grows there.","La zona de confort es cómoda, pero allí nada crece.",舒适区很舒服，却什么都长不出来。
210,용기와 두려움,Courage,후회는 실패보다 오래간다.,Regret lasts longer than failure.,El arrepentimiento dura más que el fracaso.,后悔比失败持续得更久。
211,용기와 두려움,Courage,용기는 크게 소리치는 것이 아니라 조용히 다시 하는 것이다.,Courage is not a shout; it is quietly trying again.,El valor no es un grito; es intentarlo otra vez en silencio.,勇气不是大喊，而是安静地再试一次。
212,용기와 두려움,Courage,모르는 길에서만 새로운 풍경을 본다.,Only unknown roads show you new scenery.,Solo los caminos desconocidos ofrecen paisajes nuevos.,只有陌生的路，才有新的风景。
213,용기와 두려움,Courage,남의 시선은 당신의 인생 비용을 내주지 않는다.,Other people's opinions do not pay for your life.,Las opiniones ajenas no pagan tu vida.,别人的目光，不会替你承担人生的代价。
214,용기와 두려움,Courage,불확실함을 견디는 능력이 기회를 만든다.,The ability to sit with uncertainty creates opportunity.,Tolerar la incertidumbre crea oportunidades.,承受不确定的能力，创造机会。
215,용기와 두려움,Courage,한 번 용기를 내면 다음 용기는 쉬워진다.,Be brave once and the next time is easier.,Sé valiente una vez y la próxima será más fácil.,勇敢一次，下一次就容易了。
216,용기와 두려움,Courage,두려움은 나침반이다. 가리키는 곳에 성장이 있다.,Fear is a compass; growth lies where it points.,El miedo es una brújula; el crecimiento está donde apunta.,恐惧是指南针，它所指之处便是成长。
217,용기와 두려움,Courage,위험을 계산하되 두려움에 굴복하지는 마라.,"Calculate the risk, but do not surrender to the fear.","Calcula el riesgo, pero no te rindas al miedo.",计算风险，但不要屈服于恐惧。
218,용기와 두려움,Courage,겁이 나는데도 한 걸음 내딛는 것이 성장이다.,Growth is stepping forward while still afraid.,Crecer es avanzar aun teniendo miedo.,害怕却仍迈出一步，就是成长。
219,용기와 두려움,Courage,아무도 도전하지 않은 자리에 가장 큰 공간이 있다.,The biggest room is where no one has dared to go.,El mayor espacio está donde nadie se ha atrevido.,无人挑战之处，空间最大。
220,용기와 두려움,Courage,실패보다 시도조차 하지 않은 날들이 더 아프다.,Days you never tried hurt more than days you failed.,Duelen más los días sin intentar que los de fracaso.,没有尝试的日子，比失败更让人痛。
221,용기와 두려움,Courage,용기는 확신이 아니라 결심에서 나온다.,"Courage comes from decision, not from certainty.","El valor nace de la decisión, no de la certeza.",勇气源于决心，而非确信。
222,용기와 두려움,Courage,약해 보이는 것을 두려워하면 강해질 수 없다.,Fear looking weak and you will never grow strong.,"Si temes parecer débil, nunca serás fuerte.",害怕显得软弱，就无法变强。
223,용기와 두려움,Courage,모든 큰 변화는 불편한 대화에서 시작된다.,Every great change begins with an uncomfortable conversation.,Todo gran cambio empieza con una conversación incómoda.,所有重大改变，都始于一场不舒服的对话。
224,용기와 두려움,Courage,두려움에 이름을 붙이면 크기가 줄어든다.,Name your fear and it shrinks.,Ponle nombre al miedo y se encogerá.,给恐惧命名，它就会变小。
225,용기와 두려움,Courage,용기 있는 하루가 평범한 일 년보다 길다.,One brave day is longer than an ordinary year.,Un día valiente es más largo que un año corriente.,勇敢的一天，比平庸的一年更长。
226,태도와 마인드셋,Mindset,같은 상황도 해석에 따라 다른 결과를 만든다.,The same situation yields different results depending on how you read it.,La misma situación da resultados distintos según cómo la interpretes.,同样的处境，解读不同，结果不同。
227,태도와 마인드셋,Mindset,아직 못 한다는 말 뒤에 아직이라는 단어를 붙여라.,Add the word yet to every I cannot do this.,Añade la palabra todavía a cada no puedo.,在做不到后面，加上还字。
228,태도와 마인드셋,Mindset,문제를 문제로만 보면 문제만 남는다.,See a problem only as a problem and only the problem stays.,"Si ves un problema solo como problema, solo queda el problema.",只把问题看作问题，剩下的就只有问题。
229,태도와 마인드셋,Mindset,태도는 능력보다 먼저 눈에 띈다.,Attitude is noticed before ability.,La actitud se nota antes que la capacidad.,态度比能力更先被看见。
230,태도와 마인드셋,Mindset,불평은 상황을 바꾸지 못하고 에너지만 가져간다.,Complaining changes nothing and takes your energy.,Quejarse no cambia nada y te roba energía.,抱怨改变不了处境，只会消耗能量。
231,태도와 마인드셋,Mindset,통제할 수 있는 것에만 감정을 쓰라.,Spend your emotion only on what you can control.,Gasta tus emociones solo en lo que puedes controlar.,只把情绪花在你能掌控的事上。
232,태도와 마인드셋,Mindset,운은 준비된 태도 위에 내려앉는다.,Luck settles on a prepared attitude.,La suerte se posa sobre una actitud preparada.,运气，落在有准备的态度之上。
233,태도와 마인드셋,Mindset,모든 일이 나에게 유리하게 흘러가지 않아도 괜찮다.,"Not everything has to go your way, and that is fine.","No todo tiene que salir a tu favor, y está bien.",不是所有事都要顺你的意，这没关系。
234,태도와 마인드셋,Mindset,생각의 방향이 발의 방향을 정한다.,The direction of your thoughts sets the direction of your feet.,La dirección de tus pensamientos guía tus pasos.,思想的方向，决定脚步的方向。
235,태도와 마인드셋,Mindset,겸손은 배움의 문을 열어 두는 일이다.,Humility keeps the door of learning open.,La humildad mantiene abierta la puerta del aprendizaje.,谦逊，是让学习之门保持敞开。
236,태도와 마인드셋,Mindset,남 탓을 멈추는 순간 힘이 돌아온다.,Power returns the moment you stop blaming others.,El poder vuelve cuando dejas de culpar a otros.,停止责怪他人的那一刻，力量就回来了。
237,태도와 마인드셋,Mindset,기대를 낮추면 실망도 줄고 노력도 준다.,Lower your expectations and both disappointment and effort shrink.,Baja tus expectativas y bajarán la decepción y el esfuerzo.,降低期待，失望减少，努力也会减少。
238,태도와 마인드셋,Mindset,긍정은 현실을 외면하는 것이 아니라 해법을 찾는 것이다.,Optimism is not ignoring reality; it is looking for a way.,El optimismo no ignora la realidad; busca una salida.,乐观不是无视现实，而是寻找出路。
239,태도와 마인드셋,Mindset,배우려는 사람에게는 모든 사람이 스승이다.,"To one who wants to learn, everyone is a teacher.","Para quien quiere aprender, todos son maestros.",对想学的人来说，人人都是老师。
240,태도와 마인드셋,Mindset,결과보다 과정을 사랑하면 오래 간다.,Love the process more than the result and you will last.,Ama el proceso más que el resultado y durarás.,爱过程胜过爱结果，才能长久。
241,태도와 마인드셋,Mindset,말버릇이 인생의 방향을 만든다.,The words you habitually use shape your life.,Las palabras que repites moldean tu vida.,口头禅塑造人生的方向。
242,태도와 마인드셋,Mindset,여유는 시간이 아니라 마음의 문제다.,"Ease is a matter of mind, not of time.","La calma es cuestión de mente, no de tiempo.",从容不是时间问题，而是心的问题。
243,태도와 마인드셋,Mindset,나쁜 하루가 나쁜 인생을 뜻하지는 않는다.,A bad day does not mean a bad life.,Un mal día no significa una mala vida.,糟糕的一天，不等于糟糕的人生。
244,태도와 마인드셋,Mindset,받아들일 것과 바꿀 것을 구분하는 것이 지혜다.,Wisdom is knowing what to accept and what to change.,La sabiduría es saber qué aceptar y qué cambiar.,智慧，是分清什么该接受、什么该改变。
245,태도와 마인드셋,Mindset,화를 내는 데 쓴 시간은 해결에 쓰지 못한 시간이다.,Time spent angry is time not spent solving.,El tiempo enfadado es tiempo que no resuelve.,花在生气上的时间，就是没用来解决的时间。
246,태도와 마인드셋,Mindset,가진 것을 세는 사람이 더 많이 갖게 된다.,Those who count what they have end up with more.,Quien cuenta lo que tiene termina teniendo más.,数算所有的人，最终拥有更多。
247,태도와 마인드셋,Mindset,성숙은 반응 대신 선택하는 능력이다.,Maturity is choosing instead of reacting.,La madurez es elegir en vez de reaccionar.,成熟，是选择而非反应的能力。
248,태도와 마인드셋,Mindset,모르는 것을 부끄러워하지 말고 묻지 않는 것을 부끄러워하라.,Do not be ashamed of not knowing; be ashamed of not asking.,No te avergüence ignorar; avergüénzate de no preguntar.,不要以无知为耻，要以不问为耻。
249,태도와 마인드셋,Mindset,어려운 일을 맡았다는 건 신뢰받고 있다는 뜻이다.,Being handed the hard task means you are trusted.,Que te den la tarea difícil significa que confían en ti.,接到难题，说明你被信任。
250,태도와 마인드셋,Mindset,생각을 바꾸면 세상이 바뀌는 것이 아니라 보이는 것이 바뀐다.,Change your thinking and what changes is what you see.,Cambia tu forma de pensar y cambiará lo que ves.,改变想法，改变的不是世界，而是你所看见的。
251,실행과 행동,Action,아이디어는 흔하고 실행은 드물다.,Ideas are common; execution is rare.,Las ideas abundan; la ejecución escasea.,想法很多，执行很少。
252,실행과 행동,Action,생각만 하는 사람과 하는 사람의 차이는 하루면 드러난다.,One day is enough to reveal who thinks and who does.,Un día basta para saber quién piensa y quién actúa.,一天，就足以看出谁在想、谁在做。
253,실행과 행동,Action,움직이는 배만 방향을 바꿀 수 있다.,Only a moving ship can change course.,Solo un barco en movimiento puede cambiar de rumbo.,只有行驶中的船，才能改变方向。
254,실행과 행동,Action,초안이 걸작보다 낫다. 존재하기 때문이다.,A draft beats a masterpiece because it exists.,Un borrador vence a una obra maestra porque existe.,草稿胜过杰作，因为它存在。
255,실행과 행동,Action,완벽주의는 게으름의 가장 우아한 변명이다.,Perfectionism is laziness in its most elegant disguise.,El perfeccionismo es la pereza mejor disfrazada.,完美主义，是懒惰最优雅的借口。
256,실행과 행동,Action,오늘의 실행이 내일의 자신감이다.,Today's action is tomorrow's confidence.,La acción de hoy es la confianza de mañana.,今天的行动，是明天的自信。
257,실행과 행동,Action,결정을 미루는 것도 결정이다.,Delaying a decision is also a decision.,Aplazar una decisión también es decidir.,拖延决定，也是一种决定。
258,실행과 행동,Action,한 시간의 실행이 한 달의 계획보다 많은 것을 알려 준다.,An hour of doing teaches more than a month of planning.,Una hora de acción enseña más que un mes de planes.,一小时的行动，胜过一个月的计划。
259,실행과 행동,Action,작게 시작하고 빠르게 고쳐라.,Start small and correct quickly.,Empieza pequeño y corrige rápido.,小处开始，快速修正。
260,실행과 행동,Action,말은 계획을 만들고 행동은 결과를 만든다.,Words make plans; actions make results.,"Las palabras hacen planes; los actos, resultados.",语言造就计划，行动造就结果。
261,실행과 행동,Action,하려는 마음보다 하고 있는 손이 낫다.,Working hands beat willing minds.,Vale más una mano que trabaja que una mente que quiere.,正在做的手，胜过想做的心。
262,실행과 행동,Action,시도한 뒤에야 무엇이 문제인지 알 수 있다.,Only after you try do you learn what the problem is.,Solo tras intentarlo sabes cuál es el problema.,只有尝试之后，才知道问题在哪。
263,실행과 행동,Action,고민의 90퍼센트는 실행하면 사라진다.,Ninety percent of worry disappears once you act.,El noventa por ciento de las dudas desaparece al actuar.,九成的烦恼，一行动就消失了。
264,실행과 행동,Action,아무도 당신의 계획을 대신 실행해 주지 않는다.,No one will execute your plan for you.,Nadie ejecutará tu plan por ti.,没有人会替你执行你的计划。
265,실행과 행동,Action,시작 버튼은 언제나 손 안에 있다.,The start button is always in your own hand.,El botón de inicio siempre está en tu mano.,开始的按钮，永远在你手里。
266,실행과 행동,Action,출시하지 않은 제품은 존재하지 않는 제품이다.,A product not shipped is a product that does not exist.,Un producto sin lanzar es un producto que no existe.,没有发布的产品，就是不存在的产品。
267,실행과 행동,Action,다섯 번 생각하고 한 번 움직이면 늦는다.,Think five times and move once and you are late.,"Piensa cinco veces y actúa una, y llegarás tarde.",想五次动一次，就太慢了。
268,실행과 행동,Action,행동은 불안을 이기는 유일한 약이다.,Action is the only cure for anxiety.,La acción es la única cura para la ansiedad.,行动，是战胜焦虑唯一的良药。
269,실행과 행동,Action,끝내는 사람이 시작하는 사람보다 귀하다.,Finishers are rarer than starters.,Quien termina es más valioso que quien empieza.,完成的人，比开始的人更珍贵。
270,실행과 행동,Action,작은 실행이 큰 확신을 이긴다.,A small action beats a large conviction.,Una pequeña acción vence a una gran convicción.,小小的行动，胜过巨大的信念。
271,실행과 행동,Action,일단 내놓아라. 완성은 반응 속에서 이루어진다.,Put it out first; completion happens in the feedback.,Publícalo primero; se completa con las reacciones.,先拿出来，完善在反馈中发生。
272,실행과 행동,Action,기록으로만 남은 아이디어는 죽은 아이디어다.,An idea left only in notes is a dead idea.,Una idea que solo vive en notas está muerta.,只留在笔记里的想法，是死的想法。
273,실행과 행동,Action,해 보기 전까지 어려움은 언제나 과장된다.,Difficulty is always exaggerated until you try.,La dificultad siempre se exagera hasta que lo intentas.,在尝试之前，困难总是被夸大。
274,실행과 행동,Action,바로 지금이 언제나 가장 좋은 타이밍이다.,Right now is always the best timing.,Ahora mismo siempre es el mejor momento.,此刻，永远是最好的时机。
275,실행과 행동,Action,하루에 하나만 끝내도 일 년이면 삼백육십다섯 개다.,Finish one thing a day and you finish three hundred sixty five a year.,Termina una cosa al día y serán trescientas sesenta y cinco al año.,每天完成一件，一年就是三百六十五件。
276,집중과 몰입,Focus,주의를 흩뜨리는 것을 줄이는 것이 능력을 키우는 것보다 빠르다.,Removing distraction is faster than adding ability.,Quitar distracciones es más rápido que sumar habilidad.,减少干扰，比提升能力更快。
277,집중과 몰입,Focus,한 가지에 집중한 한 시간이 산만한 하루를 이긴다.,One focused hour beats a scattered day.,Una hora concentrada vence a un día disperso.,专注的一小时，胜过散漫的一天。
278,집중과 몰입,Focus,모든 것을 하려는 사람은 아무것도 깊이 하지 못한다.,Whoever tries everything goes deep in nothing.,Quien lo intenta todo no profundiza en nada.,什么都想做的人，什么都做不深。
279,집중과 몰입,Focus,집중은 재능이 아니라 훈련이다.,Focus is not a talent; it is training.,La concentración no es talento; es entrenamiento.,专注不是天赋，而是训练。
280,집중과 몰입,Focus,알림을 끄는 것이 의지력을 기르는 것보다 쉽다.,Turning off notifications is easier than building willpower.,Apagar las notificaciones es más fácil que forjar voluntad.,关掉通知，比锻炼意志更容易。
281,집중과 몰입,Focus,깊이 있는 결과는 방해받지 않은 시간에서 나온다.,Deep results come from uninterrupted time.,Los resultados profundos nacen del tiempo sin interrupciones.,深刻的成果，来自不被打扰的时间。
282,집중과 몰입,Focus,멀티태스킹은 여러 가지를 못하는 가장 빠른 방법이다.,Multitasking is the fastest way to do many things badly.,La multitarea es el modo más rápido de hacer todo mal.,多任务，是把多件事都做砸的最快方式。
283,집중과 몰입,Focus,책상 위의 어수선함은 머릿속의 어수선함이다.,Clutter on the desk is clutter in the mind.,El desorden del escritorio es desorden mental.,桌面的杂乱，就是头脑的杂乱。
284,집중과 몰입,Focus,시작하는 데 필요한 건 의욕이 아니라 5분이다.,What you need to begin is not motivation but five minutes.,"Para empezar no necesitas motivación, sino cinco minutos.",开始所需的不是动力，而是五分钟。
285,집중과 몰입,Focus,몰입은 자신을 잊는 순간에 찾아온다.,Flow arrives the moment you forget yourself.,El flujo llega cuando te olvidas de ti mismo.,心流，在忘我的瞬间到来。
286,집중과 몰입,Focus,하나를 끝내고 다음으로 넘어가는 사람이 가장 빠르다.,"Finish one, then move on: that is the fastest way.",Termina uno y pasa al siguiente: es lo más rápido.,做完一件再做下一件，才最快。
287,집중과 몰입,Focus,집중력은 저장되지 않는다. 오늘 써야 한다.,Attention cannot be saved; it must be spent today.,La atención no se guarda; hay que gastarla hoy.,专注力无法储存，必须今天使用。
288,집중과 몰입,Focus,중요한 일에는 방해받지 않을 권리가 있다.,Important work has the right not to be interrupted.,El trabajo importante tiene derecho a no ser interrumpido.,重要的工作，有不被打扰的权利。
289,집중과 몰입,Focus,선택지가 적을수록 더 멀리 간다.,"The fewer the options, the farther you go.","Cuantas menos opciones, más lejos llegas.",选项越少，走得越远。
290,집중과 몰입,Focus,잘하는 일 하나가 그럭저럭한 일 열보다 낫다.,One thing done well beats ten done adequately.,Una cosa bien hecha vale más que diez a medias.,一件做好的事，胜过十件凑合的事。
291,집중과 몰입,Focus,주의는 가장 값비싼 자산이다.,Attention is your most expensive asset.,La atención es tu activo más caro.,注意力，是最昂贵的资产。
292,집중과 몰입,Focus,잠깐의 확인이 한 시간의 흐름을 끊는다.,A quick check breaks an hour of flow.,Una revisión rápida rompe una hora de concentración.,随手一看，打断一小时的心流。
293,집중과 몰입,Focus,고요함 속에서 가장 좋은 생각이 태어난다.,The best thoughts are born in quiet.,Las mejores ideas nacen en el silencio.,最好的想法，诞生于安静之中。
294,집중과 몰입,Focus,무엇을 볼지 정하는 것이 무엇을 얻을지 정하는 것이다.,Choosing what to look at is choosing what you will get.,Elegir qué mirar es elegir qué obtendrás.,决定看什么，就是决定得到什么。
295,집중과 몰입,Focus,산만함은 실패가 아니라 설계의 문제다.,Distraction is not a failure of will but of design.,"La distracción no es falta de voluntad, sino de diseño.",分心不是失败，而是设计问题。
296,집중과 몰입,Focus,한 번에 한 걸음이 언제나 가장 확실하다.,One step at a time is always the surest.,Un paso a la vez es siempre lo más seguro.,一次一步，永远最稳。
297,집중과 몰입,Focus,중요한 것을 먼저 넣어야 남은 것이 들어간다.,Put the big things in first; the rest will fit around them.,Pon primero lo grande; lo demás encajará después.,先放重要的，其余才装得下。
298,집중과 몰입,Focus,목표가 선명할수록 유혹은 흐려진다.,"The clearer the goal, the dimmer the temptation.","Cuanto más clara la meta, más débil la tentación.",目标越清晰，诱惑越模糊。
299,집중과 몰입,Focus,쉬는 것도 집중의 일부다.,Rest is part of focus.,Descansar es parte de concentrarse.,休息，也是专注的一部分。
300,집중과 몰입,Focus,중요한 일을 마친 뒤에야 나머지가 제자리를 찾는다.,"Once the important work is done, everything else falls into place.","Cuando terminas lo importante, lo demás encuentra su lugar.",完成重要之事后，其余的自会各就各位。
301,규율과 절제,Discipline,자유는 규율의 끝에서 시작된다.,Freedom begins where discipline ends.,La libertad empieza donde termina la disciplina.,自由，始于自律的尽头。
302,규율과 절제,Discipline,하고 싶은 것을 참는 힘이 원하는 것을 얻게 한다.,The power to hold back gets you what you want.,El poder de contenerte te da lo que deseas.,克制的力量，让你得到想要的。
303,규율과 절제,Discipline,규율은 미래의 나를 위한 오늘의 배려다.,Discipline is today's kindness to your future self.,La disciplina es la amabilidad de hoy hacia tu yo futuro.,自律，是今天对未来自己的体贴。
304,규율과 절제,Discipline,기분이 결정을 지배하게 두지 마라.,Do not let mood govern your decisions.,No dejes que el ánimo gobierne tus decisiones.,不要让情绪主导决定。
305,규율과 절제,Discipline,절제는 결핍이 아니라 선택이다.,"Restraint is a choice, not a lack.","La moderación es elección, no carencia.",克制不是匮乏，而是选择。
306,규율과 절제,Discipline,편한 길을 고르면 삶이 어려워진다.,Choose the easy road and life gets hard.,Elige el camino fácil y la vida se volverá difícil.,选择容易的路，人生就会变难。
307,규율과 절제,Discipline,스스로를 다스리는 사람이 가장 강한 사람이다.,The strongest person is the one who governs himself.,La persona más fuerte es la que se gobierna a sí misma.,能管住自己的人，最强大。
308,규율과 절제,Discipline,매일의 절제가 평생의 자유를 만든다.,Daily restraint builds lifelong freedom.,La moderación diaria construye libertad de por vida.,每日的克制，造就一生的自由。
309,규율과 절제,Discipline,하기 싫은 날에도 하는 것이 규율이다.,Discipline is doing it on the days you do not want to.,La disciplina es hacerlo también los días sin ganas.,不想做的日子也照做，就是自律。
310,규율과 절제,Discipline,한 번의 예외가 열 번의 예외를 부른다.,One exception invites ten more.,Una excepción llama a otras diez.,一次例外，会带来十次例外。
311,규율과 절제,Discipline,기준을 세우면 매번 고민하지 않아도 된다.,Set a standard and you stop deciding every time.,Fija un criterio y dejarás de decidir cada vez.,立下标准，就不必每次纠结。
312,규율과 절제,Discipline,충동은 짧고 후회는 길다.,Impulse is short; regret is long.,"El impulso es breve; el arrepentimiento, largo.",冲动很短，后悔很长。
313,규율과 절제,Discipline,쉬운 결정을 반복하면 어려운 인생이 온다.,Repeat easy decisions and a hard life follows.,Repite decisiones fáciles y tendrás una vida difícil.,重复容易的决定，换来艰难的人生。
314,규율과 절제,Discipline,절제는 참는 것이 아니라 더 큰 것을 고르는 일이다.,Restraint is not denial; it is choosing something bigger.,La contención no es privación; es elegir algo mayor.,克制不是忍耐，而是选择更大的东西。
315,규율과 절제,Discipline,규칙이 있는 삶이 더 넉넉하다.,A life with rules is a life with more room.,Una vida con reglas es una vida más holgada.,有规则的人生，反而更宽裕。
316,규율과 절제,Discipline,의지력에 기대지 말고 구조를 만들어라.,Do not lean on willpower; build a structure.,No dependas de la voluntad; construye una estructura.,不要依赖意志，要建立结构。
317,규율과 절제,Discipline,잠을 이기려 하지 말고 관리하라.,Do not fight sleep; manage it.,No luches contra el sueño; adminístralo.,不要与睡眠对抗，要管理它。
318,규율과 절제,Discipline,하루의 규율이 십 년의 결과를 만든다.,A day of discipline creates a decade of results.,Un día de disciplina crea una década de resultados.,一天的自律，造就十年的结果。
319,규율과 절제,Discipline,가장 어려운 일은 자기와의 싸움에서 이기는 것이다.,The hardest fight is the one you win against yourself.,La batalla más difícil es la que ganas contra ti mismo.,最难的，是战胜自己。
320,규율과 절제,Discipline,미루지 않는 것이 최고의 재테크다.,Not procrastinating is the best investment strategy.,No procrastinar es la mejor estrategia de inversión.,不拖延，是最好的理财。
321,규율과 절제,Discipline,절제된 사람만이 큰 기회를 감당할 수 있다.,Only the disciplined can carry a big opportunity.,Solo el disciplinado puede sostener una gran oportunidad.,唯有自律的人，才承担得起大机会。
322,규율과 절제,Discipline,당신의 하루는 당신이 허락한 것들로 채워진다.,Your day fills with whatever you allow.,Tu día se llena con lo que permites.,你的一天，被你允许的事填满。
323,규율과 절제,Discipline,욕망을 이해하면 다스리기 쉬워진다.,Understand a desire and it becomes easier to govern.,Comprende un deseo y será más fácil dominarlo.,理解欲望，就容易驾驭它。
324,규율과 절제,Discipline,불편함을 견디는 시간이 곧 성장의 시간이다.,Time spent enduring discomfort is time spent growing.,El tiempo que soportas la incomodidad es tiempo de crecimiento.,忍受不适的时间，就是成长的时间。
325,규율과 절제,Discipline,약속 시간을 지키는 사람은 신뢰도 지킨다.,Those who keep the clock also keep trust.,Quien respeta la hora también guarda la confianza.,守时的人，也守得住信任。
326,사람과 관계,Relationships,혼자 가면 빠르지만 함께 가면 멀리 간다.,Alone you go fast; together you go far.,Solo llegas rápido; acompañado llegas lejos.,独行快，众行远。
327,사람과 관계,Relationships,주변 다섯 사람의 평균이 당신이 된다.,You become the average of the five closest to you.,Te conviertes en el promedio de tus cinco cercanos.,你会成为身边五个人的平均值。
328,사람과 관계,Relationships,"신뢰는 쌓는 데 몇 년, 무너지는 데 몇 초다.",Trust takes years to build and seconds to break.,La confianza tarda años en construirse y segundos en romperse.,信任建立需数年，崩塌只需数秒。
329,사람과 관계,Relationships,듣는 사람이 결국 더 많이 얻는다.,The listener ends up gaining more.,Quien escucha termina ganando más.,倾听的人，最终收获更多。
330,사람과 관계,Relationships,받은 도움은 잊지 말고 준 도움은 잊어라.,Remember the help you received; forget the help you gave.,Recuerda la ayuda recibida; olvida la que diste.,受人之恩不忘，施人之恩不记。
331,사람과 관계,Relationships,사람을 이기려 하지 말고 문제를 이겨라.,Do not try to beat people; beat the problem.,No intentes vencer a la gente; vence al problema.,不要战胜人，要战胜问题。
332,사람과 관계,Relationships,좋은 관계는 시간이 아니라 진심으로 유지된다.,"Good relationships are kept by sincerity, not by time.","Las buenas relaciones se mantienen con sinceridad, no con tiempo.",好的关系，靠真心而非时间维系。
333,사람과 관계,Relationships,누구를 만나느냐가 무엇을 아느냐만큼 중요하다.,Whom you meet matters as much as what you know.,A quién conoces importa tanto como lo que sabes.,遇见谁，和知道什么同样重要。
334,사람과 관계,Relationships,먼저 베푸는 사람이 결국 가장 많이 받는다.,Those who give first receive the most in the end.,Quien da primero acaba recibiendo más.,先付出的人，最终收获最多。
335,사람과 관계,Relationships,말을 아끼면 신뢰가 늘어난다.,Speak less and trust grows.,Habla menos y crecerá la confianza.,少说话，信任就增加。
336,사람과 관계,Relationships,비난 대신 질문을 하면 관계가 산다.,Ask a question instead of casting blame and the relationship lives.,Pregunta en vez de culpar y la relación sobrevivirá.,用提问代替指责，关系才能存活。
337,사람과 관계,Relationships,약속을 지키는 것이 가장 강력한 마케팅이다.,Keeping promises is the strongest marketing there is.,Cumplir promesas es el mejor marketing.,守约，是最强的营销。
338,사람과 관계,Relationships,사람을 남기는 사람이 결국 성공한다.,Those who keep people ultimately succeed.,Quien conserva a las personas termina triunfando.,留住人的人，最终会成功。
339,사람과 관계,Relationships,경청은 가장 저평가된 리더십이다.,Listening is the most underrated leadership skill.,Escuchar es la habilidad de liderazgo más subestimada.,倾听，是最被低估的领导力。
340,사람과 관계,Relationships,고마움은 표현될 때 비로소 존재한다.,Gratitude exists only once it is expressed.,La gratitud existe solo cuando se expresa.,感谢，只有表达出来才存在。
341,사람과 관계,Relationships,누군가의 성장을 돕는 일이 자신을 가장 크게 키운다.,Helping someone grow grows you the most.,Ayudar a otro a crecer es lo que más te hace crecer.,帮助他人成长，最能成就自己。
342,사람과 관계,Relationships,사과는 늦을수록 비싸진다.,An apology gets more expensive the longer it waits.,Una disculpa se encarece cuanto más tarda.,道歉越晚，代价越高。
343,사람과 관계,Relationships,기억되고 싶다면 이름을 먼저 기억하라.,"If you want to be remembered, remember names first.","Si quieres ser recordado, recuerda primero los nombres.",想被记住，先记住别人的名字。
344,사람과 관계,Relationships,모두를 만족시키려는 사람은 아무도 만족시키지 못한다.,Try to please everyone and you please no one.,Quien intenta agradar a todos no agrada a nadie.,想让所有人满意，就谁也满意不了。
345,사람과 관계,Relationships,좋은 동료는 최고의 복지다.,Good colleagues are the best benefit package.,Los buenos compañeros son el mejor beneficio.,好同事，是最好的福利。
346,사람과 관계,Relationships,거리를 두는 것도 관계를 지키는 방법이다.,Keeping distance is also a way to keep a relationship.,Mantener distancia también protege la relación.,保持距离，也是守护关系的方式。
347,사람과 관계,Relationships,타인의 성공을 축하할 줄 아는 사람이 크게 된다.,Those who can celebrate others' success grow large.,Quien celebra el éxito ajeno llega lejos.,懂得为他人成功喝彩的人，才能成大器。
348,사람과 관계,Relationships,말투가 내용보다 오래 기억된다.,Tone is remembered longer than content.,El tono se recuerda más que el contenido.,语气比内容记得更久。
349,사람과 관계,Relationships,혼자만 잘하려는 사람은 결국 혼자 남는다.,Those who only want to shine alone end up alone.,Quien solo quiere brillar solo termina solo.,只想独自出彩的人，最终会孤身一人。
350,사람과 관계,Relationships,의견이 달라도 사람을 존중할 수는 있다.,You can disagree and still respect the person.,Puedes discrepar y aun así respetar a la persona.,意见不同，也可以尊重对方。
351,리더십과 영향력,Leadership,리더십은 직책이 아니라 태도다.,"Leadership is an attitude, not a title.","El liderazgo es una actitud, no un cargo.",领导力是态度，不是职位。
352,리더십과 영향력,Leadership,먼저 움직이는 사람이 리더가 된다.,Whoever moves first becomes the leader.,Quien se mueve primero se convierte en líder.,先行动的人，就成为领导者。
353,리더십과 영향력,Leadership,말로 이끌지 말고 등으로 이끌어라.,"Lead with your back, not with your mouth.","Lidera con la espalda, no con la boca.",用背影带路，而非用嘴。
354,리더십과 영향력,Leadership,좋은 리더는 공을 나누고 책임을 가져간다.,A good leader shares credit and takes blame.,Un buen líder comparte el mérito y asume la culpa.,好领导分享功劳，承担责任。
355,리더십과 영향력,Leadership,사람은 지시를 따르지 않고 신뢰를 따른다.,People do not follow orders; they follow trust.,La gente no sigue órdenes; sigue la confianza.,人们追随的不是命令，而是信任。
356,리더십과 영향력,Leadership,팀의 수준은 리더가 허용한 기준이다.,A team performs at whatever standard its leader allows.,Un equipo rinde según el estándar que permite su líder.,团队的水平，就是领导者容许的标准。
357,리더십과 영향력,Leadership,질문하는 리더가 배우는 조직을 만든다.,A leader who asks questions builds a learning team.,Un líder que pregunta crea un equipo que aprende.,会提问的领导，造就学习型组织。
358,리더십과 영향력,Leadership,영향력은 요구하는 것이 아니라 얻어지는 것이다.,"Influence is earned, never demanded.","La influencia se gana, no se exige.",影响力是赢得的，不是要求来的。
359,리더십과 영향력,Leadership,"칭찬은 공개적으로, 지적은 조용히.",Praise in public; correct in private.,Elogia en público; corrige en privado.,表扬公开，批评私下。
360,리더십과 영향력,Leadership,사람을 키우는 것이 리더의 가장 큰 성과다.,Growing people is a leader's greatest achievement.,Formar personas es el mayor logro de un líder.,培养人才，是领导者最大的成就。
361,리더십과 영향력,Leadership,리더의 침착함은 팀 전체의 안전망이다.,A leader's calm is the whole team's safety net.,La calma del líder es la red de seguridad del equipo.,领导者的沉着，是整个团队的安全网。
362,리더십과 영향력,Leadership,모범은 백 번의 훈시보다 강하다.,Example is stronger than a hundred lectures.,El ejemplo es más fuerte que cien sermones.,以身作则，胜过百次说教。
363,리더십과 영향력,Leadership,가장 좋은 리더는 자신이 필요 없게 만든다.,The best leader makes himself unnecessary.,El mejor líder se vuelve prescindible.,最好的领导，让自己变得不必要。
364,리더십과 영향력,Leadership,권한은 나누고 기준은 지켜라.,Share authority; hold the standard.,Comparte la autoridad; mantén el estándar.,分享权限，坚守标准。
365,리더십과 영향력,Leadership,리더의 시간이 조직의 우선순위를 말해 준다.,A leader's calendar reveals the organization's priorities.,La agenda del líder revela las prioridades de la organización.,领导的时间安排，说明组织的优先级。
366,리더십과 영향력,Leadership,나쁜 소식이 빨리 올라오는 조직이 건강하다.,A healthy team is one where bad news travels fast.,Un equipo sano es aquel donde las malas noticias llegan rápido.,坏消息传得快的组织，才健康。
367,리더십과 영향력,Leadership,결정하지 않는 리더가 가장 위험하다.,The most dangerous leader is the one who will not decide.,El líder más peligroso es el que no decide.,最危险的领导，是不做决定的领导。
368,리더십과 영향력,Leadership,리더는 답을 주기보다 방향을 준다.,A leader gives direction more than answers.,Un líder da dirección más que respuestas.,领导给的是方向，而非答案。
369,리더십과 영향력,Leadership,신뢰받는 사람만이 변화를 이끌 수 있다.,Only the trusted can lead change.,Solo quien inspira confianza puede liderar el cambio.,唯有被信任的人，才能带领变革。
370,리더십과 영향력,Leadership,잘못을 인정하는 리더가 팀을 강하게 만든다.,A leader who admits mistakes strengthens the team.,Un líder que admite errores fortalece al equipo.,承认错误的领导，让团队更强。
371,리더십과 영향력,Leadership,말한 것을 지키는 것이 리더십의 전부다.,Doing what you said is the whole of leadership.,Cumplir lo dicho es todo el liderazgo.,说到做到，就是领导力的全部。
372,리더십과 영향력,Leadership,사람을 믿으면 사람은 그만큼 자란다.,Trust people and they grow to match it.,Confía en la gente y crecerá a la altura.,你信任一个人，他就会成长到那个高度。
373,리더십과 영향력,Leadership,가장 조용한 사람의 의견을 먼저 물어라.,Ask the quietest person first.,Pregunta primero a la persona más callada.,先问最安静的那个人。
374,리더십과 영향력,Leadership,리더의 성장이 멈추면 조직의 성장도 멈춘다.,"When a leader stops growing, so does the organization.","Cuando el líder deja de crecer, la organización también.",领导停止成长，组织也停止成长。
375,리더십과 영향력,Leadership,영향력은 크기가 아니라 방향이 중요하다.,"What matters about influence is direction, not size.","En la influencia importa la dirección, no el tamaño.",影响力，重要的是方向而非大小。
376,창의와 혁신,Creativity,새로운 것은 낯선 조합에서 나온다.,Newness comes from unfamiliar combinations.,Lo nuevo surge de combinaciones inesperadas.,新事物，来自陌生的组合。
377,창의와 혁신,Creativity,나쁜 아이디어 백 개가 좋은 아이디어 하나를 데려온다.,A hundred bad ideas bring one good one.,Cien malas ideas traen una buena.,一百个坏点子，带来一个好点子。
378,창의와 혁신,Creativity,질문을 바꾸면 답이 바뀐다.,Change the question and the answer changes.,Cambia la pregunta y cambiará la respuesta.,换个问题，答案就变了。
379,창의와 혁신,Creativity,창의성은 영감이 아니라 습관의 산물이다.,"Creativity is a product of habit, not inspiration.","La creatividad es fruto del hábito, no de la inspiración.",创造力是习惯的产物，不是灵感的。
380,창의와 혁신,Creativity,제약이 많을수록 창의적인 답이 나온다.,"The tighter the constraints, the more creative the answer.","Cuantas más restricciones, más creativa la solución.",限制越多，答案越有创意。
381,창의와 혁신,Creativity,다르게 보는 것이 더 열심히 보는 것보다 낫다.,Seeing differently beats looking harder.,Ver distinto vale más que mirar más fuerte.,换个角度看，胜过更用力看。
382,창의와 혁신,Creativity,모든 혁신은 처음에 무모해 보였다.,Every innovation looked reckless at first.,Toda innovación pareció imprudente al principio.,所有创新，最初都显得鲁莽。
383,창의와 혁신,Creativity,익숙한 문제를 낯설게 보는 것이 시작이다.,It begins with making a familiar problem strange.,Todo empieza al ver extraño un problema familiar.,把熟悉的问题看陌生，就是起点。
384,창의와 혁신,Creativity,메모하지 않은 아이디어는 사라진다.,An idea not written down disappears.,Una idea que no anotas desaparece.,没记下来的想法，会消失。
385,창의와 혁신,Creativity,경계 위에 서 있는 사람이 새로운 것을 본다.,Those standing at the border see new things.,Quien se sitúa en la frontera ve cosas nuevas.,站在边界上的人，看见新东西。
386,창의와 혁신,Creativity,산책은 회의보다 좋은 아이디어를 만든다.,A walk produces better ideas than a meeting.,Un paseo genera mejores ideas que una reunión.,散步比开会更能产生好点子。
387,창의와 혁신,Creativity,기존의 답을 의심하는 것이 혁신의 출발점이다.,Innovation starts by doubting the accepted answer.,La innovación empieza dudando de la respuesta aceptada.,创新，始于怀疑现有答案。
388,창의와 혁신,Creativity,서로 다른 분야를 잇는 사람이 가장 창의적이다.,The most creative people connect unrelated fields.,Los más creativos conectan campos distintos.,连接不同领域的人，最有创造力。
389,창의와 혁신,Creativity,처음 만든 것은 언제나 부끄럽다. 그래도 만들어라.,Your first version is always embarrassing. Make it anyway.,Tu primera versión siempre avergüenza. Hazla igual.,第一版总是难堪，但还是要做出来。
390,창의와 혁신,Creativity,아이디어는 소유가 아니라 실행으로 증명된다.,"An idea is proven by execution, not ownership.","Una idea se prueba con la ejecución, no con la propiedad.",想法靠执行证明，而非占有。
391,창의와 혁신,Creativity,남과 같은 방식으로는 남과 다른 결과를 얻을 수 없다.,The same method as everyone gives the same result as everyone.,El mismo método que todos da el mismo resultado que todos.,用别人的方法，得不到不同的结果。
392,창의와 혁신,Creativity,호기심은 가장 오래 쓸 수 있는 도구다.,Curiosity is the tool with the longest life.,La curiosidad es la herramienta más duradera.,好奇心，是最耐用的工具。
393,창의와 혁신,Creativity,버려지는 아이디어가 많을수록 남는 아이디어가 좋다.,"The more ideas you discard, the better the ones you keep.","Cuantas más ideas deseches, mejores serán las que queden.",丢掉的点子越多，留下的越好。
394,창의와 혁신,Creativity,창작의 적은 비판이 아니라 무관심이다.,"The enemy of creation is indifference, not criticism.","El enemigo de la creación es la indiferencia, no la crítica.",创作的敌人不是批评，而是漠然。
395,창의와 혁신,Creativity,다양한 사람과 일하면 생각의 폭이 넓어진다.,Working with different people widens your thinking.,Trabajar con gente distinta amplía tu pensamiento.,与不同的人共事，思维会变宽。
396,창의와 혁신,Creativity,틀을 알아야 틀을 깰 수 있다.,You must know the rules to break them.,Debes conocer las reglas para romperlas.,懂得规则，才能打破规则。
397,창의와 혁신,Creativity,가장 좋은 아이디어는 대개 두 번째 시도에서 나온다.,The best idea usually shows up on the second try.,La mejor idea suele aparecer en el segundo intento.,最好的点子，通常出现在第二次尝试。
398,창의와 혁신,Creativity,쓸모없어 보이는 지식이 나중에 연결된다.,Knowledge that seems useless connects later.,El conocimiento que parece inútil se conecta después.,看似无用的知识，日后会连成线。
399,창의와 혁신,Creativity,생각을 손으로 옮기면 비로소 검증할 수 있다.,Only when a thought reaches your hands can it be tested.,Solo cuando la idea llega a tus manos puede probarse.,把想法交给双手，才能验证。
400,창의와 혁신,Creativity,따라 하다 보면 자기만의 길이 보인다.,Imitate long enough and your own path appears.,Imita lo suficiente y aparecerá tu propio camino.,模仿久了，就会看见自己的路。
401,돈과 부,Wealth,버는 법보다 지키는 법이 어렵다.,Keeping money is harder than making it.,Conservar el dinero es más difícil que ganarlo.,守财比赚钱更难。
402,돈과 부,Wealth,지출을 통제하지 못하면 수입도 소용없다.,Uncontrolled spending makes income meaningless.,"Sin controlar el gasto, el ingreso no sirve.",控制不了支出，收入也没用。
403,돈과 부,Wealth,시간을 사는 데 돈을 쓰는 것이 가장 좋은 소비다.,The best purchase is buying back your time.,La mejor compra es recuperar tu tiempo.,最好的消费，是买回时间。
404,돈과 부,Wealth,부는 소득이 아니라 습관에서 나온다.,"Wealth comes from habits, not income.","La riqueza nace de los hábitos, no de los ingresos.",财富源于习惯，而非收入。
405,돈과 부,Wealth,가장 확실한 투자는 자기 자신이다.,The surest investment is yourself.,La inversión más segura eres tú mismo.,最可靠的投资，是自己。
406,돈과 부,Wealth,일찍 시작한 저축은 늦게 시작한 큰돈을 이긴다.,Saving early beats saving big and late.,Ahorrar pronto vence a ahorrar mucho y tarde.,早开始的储蓄，胜过晚开始的大钱。
407,돈과 부,Wealth,빚은 미래의 자유를 미리 쓰는 일이다.,Debt spends your future freedom in advance.,La deuda gasta por anticipado tu libertad futura.,负债，是提前花掉未来的自由。
408,돈과 부,Wealth,남을 위해 만든 가치만큼 돌아온다.,You are paid in proportion to the value you create.,Recibes en proporción al valor que creas.,你为他人创造多少价值，就得到多少回报。
409,돈과 부,Wealth,빠른 부는 대개 빠르게 사라진다.,Fast money usually leaves fast.,El dinero rápido suele irse rápido.,快钱，往往去得也快。
410,돈과 부,Wealth,모르는 곳에 투자하는 것은 투자가 아니라 도박이다.,Investing in what you do not understand is gambling.,Invertir en lo que no entiendes es apostar.,投资你不懂的东西，是赌博。
411,돈과 부,Wealth,검소함은 가난이 아니라 선택이다.,"Frugality is a choice, not poverty.","La frugalidad es elección, no pobreza.",节俭不是贫穷，而是选择。
412,돈과 부,Wealth,돈은 좋은 도구이자 나쁜 주인이다.,Money is a good tool and a bad master.,El dinero es buen sirviente y mal amo.,金钱是好工具，也是坏主人。
413,돈과 부,Wealth,수입원이 하나뿐이면 인생도 하나의 위험에 걸려 있다.,One income means one risk holds your whole life.,Un solo ingreso significa que un riesgo sostiene tu vida.,只有一个收入来源，人生就系于一个风险。
414,돈과 부,Wealth,복리는 조급한 사람에게 보답하지 않는다.,Compounding does not reward the impatient.,El interés compuesto no premia a los impacientes.,复利不会奖励急躁的人。
415,돈과 부,Wealth,남과 비교하는 지출이 가장 비싸다.,Spending driven by comparison costs the most.,El gasto por comparación es el más caro.,因比较而产生的消费，最昂贵。
416,돈과 부,Wealth,가격은 지불하는 것이고 가치는 얻는 것이다.,Price is what you pay; value is what you get.,"El precio es lo que pagas; el valor, lo que obtienes.",价格是你付出的，价值是你得到的。
417,돈과 부,Wealth,기록하지 않은 돈은 새어 나간다.,Money you do not track leaks away.,El dinero que no registras se escapa.,不记账的钱，会悄悄流走。
418,돈과 부,Wealth,경제적 자유란 하기 싫은 일을 거절할 힘이다.,Financial freedom is the power to say no.,La libertad financiera es el poder de decir que no.,财务自由，就是拒绝的能力。
419,돈과 부,Wealth,버는 속도보다 배우는 속도가 중요하다.,How fast you learn matters more than how fast you earn.,Importa más lo rápido que aprendes que lo que ganas.,学习的速度，比赚钱的速度更重要。
420,돈과 부,Wealth,충분함을 아는 사람이 진짜 부자다.,The truly rich are those who know what is enough.,El verdadero rico sabe qué es suficiente.,懂得知足的人，才是真正的富有。
421,돈과 부,Wealth,위험을 이해하지 못하면 수익도 지킬 수 없다.,"If you do not understand the risk, you cannot keep the return.","Si no entiendes el riesgo, no conservarás la ganancia.",不理解风险，就守不住收益。
422,돈과 부,Wealth,절약은 수비이고 투자는 공격이다. 둘 다 필요하다.,"Saving is defense, investing is offense; you need both.","Ahorrar es defensa; invertir, ataque. Necesitas ambos.",节约是防守，投资是进攻，两者都需要。
423,돈과 부,Wealth,돈으로 살 수 없는 것을 먼저 지켜라.,Protect first what money cannot buy.,Protege primero lo que el dinero no compra.,先守护金钱买不到的东西。
424,돈과 부,Wealth,작은 지출의 반복이 큰 지출보다 무섭다.,Repeated small expenses are scarier than one big one.,Los gastos pequeños repetidos asustan más que uno grande.,反复的小支出，比大支出更可怕。
425,돈과 부,Wealth,성공한 사람들은 대체로 지루하게 투자한다.,Successful people usually invest in boring ways.,La gente exitosa suele invertir de forma aburrida.,成功的人，投资方式大多很无聊。
426,건강과 균형,Health,건강은 잃기 전까지 가장 저평가된 자산이다.,Health is the most undervalued asset until you lose it.,La salud es el activo más subestimado hasta que se pierde.,健康，是失去前最被低估的资产。
427,건강과 균형,Health,잠은 게으름이 아니라 성과의 조건이다.,Sleep is not laziness; it is a condition of performance.,Dormir no es pereza; es condición del rendimiento.,睡眠不是懒惰，而是表现的前提。
428,건강과 균형,Health,몸을 돌보지 않으면 결국 몸이 일정을 정한다.,Neglect your body and it will set your schedule for you.,Descuida tu cuerpo y él marcará tu agenda.,不照顾身体，身体就会替你安排日程。
429,건강과 균형,Health,매일 걷는 30분이 미래의 병상을 줄인다.,Thirty minutes of walking a day shortens future sick days.,Treinta minutos de caminata al día reducen días de enfermedad.,每天走三十分钟，减少未来的病床日。
430,건강과 균형,Health,쉬는 것은 멈추는 것이 아니라 준비하는 것이다.,Resting is not stopping; it is preparing.,Descansar no es detenerse; es prepararse.,休息不是停止，而是准备。
431,건강과 균형,Health,성과는 체력 위에 쌓인다.,Achievement is built on stamina.,El logro se construye sobre la resistencia.,成就，建立在体力之上。
432,건강과 균형,Health,번아웃은 열심히 한 벌이 아니라 균형의 신호다.,Burnout is not a punishment for effort; it is a signal about balance.,El agotamiento no castiga el esfuerzo; avisa del desequilibrio.,倦怠不是努力的惩罚，而是失衡的信号。
433,건강과 균형,Health,천천히 먹는 습관이 오래 사는 습관이 된다.,Eating slowly becomes living long.,Comer despacio se convierte en vivir más.,细嚼慢咽，成为长寿的习惯。
434,건강과 균형,Health,일과 삶은 저울이 아니라 리듬이다.,Work and life are not a scale but a rhythm.,"Trabajo y vida no son balanza, sino ritmo.",工作与生活不是天平，而是节奏。
435,건강과 균형,Health,몸이 보내는 작은 신호를 무시하지 마라.,Do not ignore the small signals your body sends.,No ignores las señales pequeñas de tu cuerpo.,不要忽视身体发出的小信号。
436,건강과 균형,Health,운동은 오늘의 부담이자 내일의 저축이다.,Exercise is today's burden and tomorrow's savings.,El ejercicio es carga de hoy y ahorro de mañana.,运动是今天的负担，明天的储蓄。
437,건강과 균형,Health,스트레스는 없애는 것이 아니라 다루는 것이다.,Stress is not eliminated; it is managed.,El estrés no se elimina; se gestiona.,压力不是消除，而是管理。
438,건강과 균형,Health,주말의 회복이 주중의 성과를 만든다.,Weekend recovery creates weekday performance.,La recuperación del fin de semana crea el rendimiento semanal.,周末的恢复，造就工作日的表现。
439,건강과 균형,Health,가장 성실한 투자는 매일의 잠과 물이다.,The most faithful investments are daily sleep and water.,Las inversiones más fieles son dormir y beber agua a diario.,最忠实的投资，是每天的睡眠与水。
440,건강과 균형,Health,아픈 뒤에 쉬는 것보다 아프기 전에 쉬는 것이 싸다.,Resting before illness is cheaper than resting after.,Descansar antes de enfermar es más barato que después.,病前休息，比病后休息便宜。
441,건강과 균형,Health,하루 한 번은 화면에서 눈을 떼라.,Look away from the screen at least once a day.,Aparta la vista de la pantalla al menos una vez al día.,每天至少让眼睛离开屏幕一次。
442,건강과 균형,Health,산책은 가장 저렴한 상담이다.,A walk is the cheapest counseling there is.,Caminar es la terapia más barata.,散步，是最便宜的咨询。
443,건강과 균형,Health,몸이 편해야 마음도 정리된다.,A settled body settles the mind.,Un cuerpo tranquilo ordena la mente.,身体安顿，心才安顿。
444,건강과 균형,Health,무리한 하루는 사흘의 회복을 부른다.,One overdone day costs three days of recovery.,Un día excesivo cuesta tres de recuperación.,逞强的一天，需要三天恢复。
445,건강과 균형,Health,가족과의 저녁 식사는 일정에 넣을 가치가 있다.,Dinner with family is worth putting on the calendar.,La cena en familia merece estar en la agenda.,与家人共进晚餐，值得写进日程。
446,건강과 균형,Health,취미는 사치가 아니라 유지비다.,A hobby is not a luxury; it is maintenance.,Una afición no es un lujo; es mantenimiento.,爱好不是奢侈，而是维护成本。
447,건강과 균형,Health,숨을 고르는 시간이 속도를 만든다.,Time spent catching your breath creates speed.,El tiempo que tomas para respirar genera velocidad.,喘口气的时间，造就速度。
448,건강과 균형,Health,잘 쉰 사람이 잘 결정한다.,Well-rested people make better decisions.,Quien descansa bien decide mejor.,休息好的人，决定也更好。
449,건강과 균형,Health,평생 쓸 몸은 하나뿐이다.,You get only one body for the whole trip.,Solo tienes un cuerpo para todo el viaje.,一辈子只有一副身体。
450,건강과 균형,Health,바쁠수록 규칙적으로 먹고 자라.,"The busier you are, the more regular your meals and sleep should be.","Cuanto más ocupado estés, más regular debe ser comer y dormir.",越忙，越要规律饮食和睡眠。
451,감사와 마음,Gratitude,가진 것을 세어 보는 순간 부족함이 줄어든다.,Count what you have and lack shrinks.,Cuenta lo que tienes y la carencia se encoge.,数算所拥有的，匮乏就减少。
452,감사와 마음,Gratitude,감사는 습관이 될 때 힘이 된다.,Gratitude becomes power when it becomes habit.,La gratitud se vuelve fuerza al hacerse hábito.,感恩成为习惯时，就成为力量。
453,감사와 마음,Gratitude,평범한 하루가 누군가에게는 간절한 하루다.,An ordinary day is someone else's most longed-for day.,Un día común es el día más anhelado para alguien.,平凡的一天，是别人渴望的一天。
454,감사와 마음,Gratitude,불평의 목록보다 감사의 목록이 길어야 한다.,Your gratitude list should outrun your complaint list.,Tu lista de gratitud debe superar la de quejas.,感恩清单，应比抱怨清单更长。
455,감사와 마음,Gratitude,고마움을 늦게 말하면 절반만 전해진다.,Thanks delivered late arrives only half.,El agradecimiento tardío llega a medias.,迟到的感谢，只送达一半。
456,감사와 마음,Gratitude,작은 것에 기뻐하는 능력이 삶의 질을 정한다.,The ability to enjoy small things sets your quality of life.,Disfrutar lo pequeño define tu calidad de vida.,为小事欢喜的能力，决定生活品质。
457,감사와 마음,Gratitude,비교를 멈추면 만족이 시작된다.,Stop comparing and contentment begins.,Deja de comparar y empezará la satisfacción.,停止比较，满足就开始。
458,감사와 마음,Gratitude,당연한 것은 없다. 다만 익숙해졌을 뿐이다.,Nothing is a given; we have only grown used to it.,Nada es obvio; solo nos hemos acostumbrado.,没有理所当然，只是习以为常。
459,감사와 마음,Gratitude,오늘 무사히 지나간 하루도 성취다.,A day that passed safely is also an achievement.,Un día que pasó sin daño también es un logro.,平安度过的一天，也是成就。
460,감사와 마음,Gratitude,감사는 과거를 정리하고 미래를 가볍게 한다.,Gratitude tidies the past and lightens the future.,La gratitud ordena el pasado y aligera el futuro.,感恩整理过去，减轻未来。
461,감사와 마음,Gratitude,누군가의 수고 덕분에 오늘의 편안함이 있다.,Someone's labor made today's comfort possible.,El esfuerzo de alguien hizo posible tu comodidad de hoy.,今天的安逸，源于某人的辛劳。
462,감사와 마음,Gratitude,마음이 넉넉한 사람은 나눌 것이 늘 있다.,A generous heart always has something to share.,Un corazón generoso siempre tiene qué compartir.,心宽的人，总有可分享之物。
463,감사와 마음,Gratitude,용서는 상대가 아니라 나를 위한 것이다.,"Forgiveness is for you, not for the other person.","Perdonar es para ti, no para el otro.",原谅，是为了自己，不是为了对方。
464,감사와 마음,Gratitude,하루를 감사로 마치면 다음 날이 가벼워진다.,End a day in gratitude and the next feels lighter.,Termina el día con gratitud y el siguiente será más ligero.,以感恩结束一天，第二天会更轻盈。
465,감사와 마음,Gratitude,받은 친절은 다른 사람에게 흘려보내라.,Pass on the kindness you were given.,Transmite la amabilidad que recibiste.,把受到的善意，传递给别人。
466,감사와 마음,Gratitude,기쁨은 크기가 아니라 빈도의 문제다.,"Joy is a matter of frequency, not size.","La alegría es cuestión de frecuencia, no de tamaño.",快乐，在于频率而非大小。
467,감사와 마음,Gratitude,불안한 마음에는 감사가 가장 좋은 해독제다.,Gratitude is the best antidote to an anxious mind.,La gratitud es el mejor antídoto para la ansiedad.,对焦虑的心，感恩是最好的解药。
468,감사와 마음,Gratitude,말 한마디의 따뜻함은 오래 기억된다.,One warm word is remembered a long time.,Una palabra cálida se recuerda mucho tiempo.,一句温暖的话，会被长久记住。
469,감사와 마음,Gratitude,충분히 가졌음을 아는 것이 가장 큰 소득이다.,Knowing you have enough is the greatest income.,Saber que tienes suficiente es la mayor ganancia.,知道自己已足够，是最大的收入。
470,감사와 마음,Gratitude,기억할수록 감사할 일이 많아진다.,"The more you remember, the more there is to thank.","Cuanto más recuerdas, más hay que agradecer.",回忆越多，值得感谢的越多。
471,감사와 마음,Gratitude,남을 위한 마음이 결국 나를 지켜 준다.,A heart turned toward others ends up protecting you.,Un corazón vuelto hacia otros acaba protegiéndote.,为他人着想的心，最终守护自己。
472,감사와 마음,Gratitude,칭찬은 아껴 두면 유통기한이 지나 버린다.,Praise saved for later expires.,El elogio guardado caduca.,赞美存着不说，就会过期。
473,감사와 마음,Gratitude,감사할 줄 아는 사람 곁에는 사람이 모인다.,People gather around those who know how to be thankful.,La gente se acerca a quien sabe agradecer.,懂得感恩的人，身边聚集着人。
474,감사와 마음,Gratitude,하루에 세 가지만 적어도 마음이 달라진다.,Write down three things a day and your mind changes.,Escribe tres cosas al día y tu ánimo cambiará.,每天写下三件事，心境就会改变。
475,감사와 마음,Gratitude,고생 끝의 기쁨은 두 배로 진하다.,Joy after hardship is twice as deep.,La alegría tras el esfuerzo sabe el doble.,苦尽之后的喜悦，浓烈加倍。
476,인생과 의미,Life,인생은 속도가 아니라 방향이다.,"Life is about direction, not speed.","La vida es dirección, no velocidad.",人生在于方向，而非速度。
477,인생과 의미,Life,가장 아까운 시간은 남의 인생을 부러워하는 시간이다.,The most wasted hours are those spent envying others.,Las horas más perdidas son las de envidiar a otros.,最可惜的时间，是羡慕别人的时间。
478,인생과 의미,Life,의미는 발견되는 것이 아니라 만들어지는 것이다.,Meaning is not found; it is made.,El sentido no se encuentra; se construye.,意义不是被发现的，而是被创造的。
479,인생과 의미,Life,무엇을 남길지 생각하면 오늘이 달라진다.,Think about what you will leave behind and today changes.,Piensa en qué dejarás y hoy cambiará.,想想要留下什么，今天就会不同。
480,인생과 의미,Life,잘 사는 것은 잘 선택하는 일의 반복이다.,Living well is the repetition of choosing well.,Vivir bien es repetir buenas decisiones.,活得好，就是不断做出好选择。
481,인생과 의미,Life,삶의 크기는 감당한 책임의 크기와 같다.,The size of a life equals the responsibility it carried.,El tamaño de una vida iguala la responsabilidad que sostuvo.,人生的大小，等于承担责任的大小。
482,인생과 의미,Life,끝을 생각하면 사소한 것에 덜 흔들린다.,Keep the end in mind and small things shake you less.,Ten presente el final y lo pequeño te alterará menos.,想到终点，就不会被小事动摇。
483,인생과 의미,Life,오늘 하루가 인생의 축소판이다.,Today is a small model of your whole life.,Hoy es una versión reducida de tu vida entera.,今天，是人生的缩影。
484,인생과 의미,Life,무엇을 하느냐보다 왜 하느냐가 오래간다.,Why you do it outlasts what you do.,El porqué dura más que el qué.,为什么做，比做什么更持久。
485,인생과 의미,Life,가장 큰 성공은 자기다운 삶을 사는 것이다.,The greatest success is living a life that is yours.,El mayor éxito es vivir una vida propia.,最大的成功，是活出自己的样子。
486,인생과 의미,Life,누군가에게 도움이 된 하루는 헛되지 않다.,A day that helped someone was never wasted.,Un día que ayudó a alguien nunca se perdió.,帮助过别人的一天，不算虚度。
487,인생과 의미,Life,삶은 계획대로 되지 않지만 방향대로는 간다.,"Life does not follow the plan, but it follows the direction.","La vida no sigue el plan, pero sí el rumbo.",人生不按计划走，却按方向走。
488,인생과 의미,Life,가진 것보다 나눈 것이 오래 남는다.,What you shared outlasts what you owned.,Lo compartido dura más que lo poseído.,分享的，比拥有的留得更久。
489,인생과 의미,Life,후회 없는 삶이 아니라 후회를 줄이는 삶을 살라.,Aim not for a life without regret but for fewer regrets.,"No busques una vida sin arrepentimientos, sino con menos.",不求无悔的人生，只求减少后悔。
490,인생과 의미,Life,늦은 나이는 없다. 늦은 결심만 있을 뿐이다.,"There is no age too late, only decisions made too late.","No hay edad tardía, solo decisiones tardías.",没有太晚的年龄，只有太晚的决心。
491,인생과 의미,Life,잘 산 하루가 모여 잘 산 인생이 된다.,Days lived well add up to a life lived well.,Los días bien vividos suman una vida bien vivida.,过好的每一天，汇成过好的一生。
492,인생과 의미,Life,남과 다른 길을 가면 남과 다른 풍경을 본다.,Take a different road and see a different view.,Toma un camino distinto y verás un paisaje distinto.,走不同的路，看不同的风景。
493,인생과 의미,Life,사랑하는 일에 시간을 쓰는 것이 최고의 사치다.,Spending time on what you love is the finest luxury.,Dedicar tiempo a lo que amas es el mayor lujo.,把时间花在所爱之事上，是最好的奢侈。
494,인생과 의미,Life,고통은 지나가지만 배움은 남는다.,Pain passes; the lesson stays.,El dolor pasa; la lección permanece.,痛苦会过去，学到的会留下。
495,인생과 의미,Life,가장 소중한 것들은 대개 조용히 곁에 있다.,The most precious things are usually quietly nearby.,"Lo más valioso suele estar en silencio, cerca.",最珍贵的东西，往往静静地在身边。
496,인생과 의미,Life,누구의 인생도 완벽하지 않다. 다만 각자 다를 뿐이다.,No life is perfect; every life is simply different.,Ninguna vida es perfecta; solo son distintas.,没有完美的人生，只有各不相同的人生。
497,인생과 의미,Life,삶은 한 번뿐이지만 매일 새로 시작할 수 있다.,"You live once, yet you may begin again each day.","Solo vives una vez, pero puedes empezar cada día.",人生只有一次，却可以每天重新开始。
498,인생과 의미,Life,지금 이 순간이 언젠가 그리워질 시절이다.,This moment will one day be the time you miss.,Este momento será algún día el que añores.,此时此刻，终将成为你怀念的时光。
499,인생과 의미,Life,어떻게 기억될지가 어떻게 살지를 알려 준다.,How you want to be remembered tells you how to live.,Cómo quieres ser recordado te dice cómo vivir.,想被如何记住，就知道该如何活。
500,인생과 의미,Life,살아 있다는 것 자체가 아직 기회가 남았다는 뜻이다.,To be alive is to still have a chance left.,Estar vivo significa que aún queda una oportunidad.,活着，就意味着机会还在。
501,준비와 기본기,Fundamentals,기본기는 화려하지 않지만 무너지지 않는다.,"Fundamentals are not flashy, but they never collapse.","Los fundamentos no brillan, pero nunca se derrumban.",基本功不华丽，却永不崩塌。
502,준비와 기본기,Fundamentals,고수는 어려운 것을 잘하는 사람이 아니라 쉬운 것을 완벽히 하는 사람이다.,A master is not one who does hard things but one who does easy things perfectly.,"El maestro no hace lo difícil, hace lo fácil a la perfección.",高手不是做难事的人，而是把易事做到完美的人。
503,준비와 기본기,Fundamentals,준비된 사람에게 기회는 우연이 아니다.,"For the prepared, opportunity is never a coincidence.","Para quien está preparado, la oportunidad no es casualidad.",对有准备的人，机会绝非偶然。
504,준비와 기본기,Fundamentals,무대 위 3분은 무대 뒤 3년으로 만들어진다.,Three minutes on stage are built from three years behind it.,Tres minutos en escena se construyen con tres años detrás.,台上三分钟，台下三年功。
505,준비와 기본기,Fundamentals,지루한 반복을 견딘 사람만 무대에 오른다.,Only those who endure dull repetition reach the stage.,Solo quien soporta la repetición monótona llega al escenario.,只有熬过枯燥重复的人，才能登台。
506,준비와 기본기,Fundamentals,급할수록 기초로 돌아가라.,"The more urgent it feels, the more you should return to basics.","Cuanto más urgente, más conviene volver a lo básico.",越急，越要回到基础。
507,준비와 기본기,Fundamentals,연습은 실전을 닮을수록 값지다.,Practice is worth more the closer it resembles the real thing.,La práctica vale más cuanto más se parece a la realidad.,练习越接近实战，越有价值。
508,준비와 기본기,Fundamentals,칼을 갈 시간을 아끼면 나무를 베는 시간이 길어진다.,Save time sharpening the blade and you spend longer cutting the tree.,Ahorra tiempo afilando y tardarás más en talar.,省下磨刀的时间，砍树就要更久。
509,준비와 기본기,Fundamentals,잘하는 사람은 준비를 지루해하지 않는다.,The skilled are never bored by preparation.,Los buenos no se aburren preparándose.,真正厉害的人，不觉得准备无聊。
510,준비와 기본기,Fundamentals,기초가 흔들리면 위로 쌓을수록 위험해진다.,Weak foundations make every added floor more dangerous.,Cimientos débiles hacen peligroso cada piso añadido.,地基不稳，越往上盖越危险。
511,준비와 기본기,Fundamentals,실력은 컨디션이 나쁜 날 드러난다.,True skill shows on your worst day.,La verdadera habilidad se ve en tu peor día.,真正的实力，在状态最差时显现。
512,준비와 기본기,Fundamentals,천 번의 연습이 한 번의 확신을 만든다.,A thousand rehearsals create one moment of certainty.,Mil ensayos crean un instante de certeza.,千次练习，换来一次笃定。
513,준비와 기본기,Fundamentals,자신 없는 부분을 먼저 연습하라.,Practice first the part you are least sure of.,Practica primero aquello en lo que menos confías.,先练最没把握的部分。
514,준비와 기본기,Fundamentals,배운 것을 몸이 기억할 때까지가 진짜 학습이다.,Real learning ends when the body remembers.,El aprendizaje real termina cuando el cuerpo recuerda.,真正的学习，直到身体记住为止。
515,준비와 기본기,Fundamentals,서두르는 사람은 두 번 일한다.,Those who rush do the work twice.,Quien se apresura trabaja dos veces.,急躁的人，要做两遍工。
516,준비와 기본기,Fundamentals,매뉴얼을 아는 사람보다 손에 익은 사람이 강하다.,Hands that know beat minds that have read.,Valen más las manos entrenadas que la mente que leyó.,手熟的人，胜过只懂手册的人。
517,준비와 기본기,Fundamentals,기본을 지키는 것이 가장 어려운 고급 기술이다.,Keeping to the basics is the hardest advanced skill.,Mantener lo básico es la técnica avanzada más difícil.,坚守基本，是最难的高级技巧。
518,준비와 기본기,Fundamentals,위기에서는 배운 것이 아니라 익숙한 것이 나온다.,"In a crisis you fall back on habit, not on knowledge.","En una crisis sale lo habitual, no lo aprendido.",危机时刻，靠的是熟练而非知识。
519,준비와 기본기,Fundamentals,점검표 하나가 사고 하나를 막는다.,One checklist prevents one accident.,Una lista de verificación evita un accidente.,一份检查清单，避免一次事故。
520,준비와 기본기,Fundamentals,미리 겪어 본 실수는 실수가 아니다.,A mistake rehearsed in advance is no mistake at all.,Un error ensayado de antemano ya no es un error.,事先演练过的失误，就不是失误。
521,준비와 기본기,Fundamentals,화려한 기술보다 정확한 자세가 오래 간다.,Correct form outlasts fancy technique.,La postura correcta dura más que la técnica vistosa.,正确的姿势，比炫技更持久。
522,준비와 기본기,Fundamentals,준비는 불안을 실력으로 바꾸는 과정이다.,Preparation converts anxiety into ability.,Prepararse convierte la ansiedad en capacidad.,准备，是把不安转化为实力的过程。
523,준비와 기본기,Fundamentals,한 번 더 확인하는 습관이 평판을 지킨다.,Checking one more time protects your reputation.,Revisar una vez más protege tu reputación.,多确认一次的习惯，守住你的口碑。
524,준비와 기본기,Fundamentals,배우는 순서를 지키면 멀리 갈 수 있다.,Respect the order of learning and you will go far.,Respeta el orden del aprendizaje y llegarás lejos.,遵循学习的次序，才能走得远。
525,준비와 기본기,Fundamentals,기초 공사는 눈에 보이지 않아서 더 정직해야 한다.,"Foundation work is unseen, so it must be all the more honest.","Los cimientos no se ven, por eso exigen más honestidad.",地基看不见，所以更要诚实。
526,선택과 결단,Decisions,인생은 선택의 총합이다.,A life is the sum of its choices.,La vida es la suma de sus elecciones.,人生，是选择的总和。
527,선택과 결단,Decisions,모든 선택에는 포기하는 것이 따라온다.,Every choice comes with something surrendered.,Toda elección viene con algo que se renuncia.,每个选择，都伴随着放弃。
528,선택과 결단,Decisions,정보가 70퍼센트 모이면 결정하라.,Decide once you have about seventy percent of the information.,Decide cuando tengas cerca del setenta por ciento de la información.,信息达到七成，就该做决定。
529,선택과 결단,Decisions,"되돌릴 수 있는 결정은 빠르게, 되돌릴 수 없는 결정은 신중하게.","Decide fast when reversible, slowly when not.","Decide rápido lo reversible, despacio lo irreversible.",可逆的决定要快，不可逆的要慎。
530,선택과 결단,Decisions,고민이 길어질수록 답은 이미 정해져 있다.,"The longer you hesitate, the more likely you already know.","Cuanto más dudas, más probable es que ya lo sepas.",纠结越久，答案往往早已确定。
531,선택과 결단,Decisions,무엇을 버릴지 정하는 것이 진짜 전략이다.,Real strategy is deciding what to give up.,La verdadera estrategia es decidir a qué renunciar.,真正的战略，是决定舍弃什么。
532,선택과 결단,Decisions,선택이 어려운 이유는 둘 다 좋기 때문이다.,Choices are hard because both options are good.,Elegir cuesta porque ambas opciones son buenas.,选择之所以难，是因为两个都好。
533,선택과 결단,Decisions,결정한 뒤에는 뒤를 보지 마라.,"Once decided, do not look back.","Una vez decidido, no mires atrás.",一旦决定，就不要回头。
534,선택과 결단,Decisions,최선의 선택은 없다. 선택을 최선으로 만들 뿐이다.,There is no best choice; you make the choice best.,No hay mejor elección; tú la haces la mejor.,没有最好的选择，只有把选择变成最好。
535,선택과 결단,Decisions,남이 대신 고른 길에는 책임질 사람이 없다.,A road chosen by someone else has no one to own it.,Un camino elegido por otro no tiene dueño.,别人替你选的路，无人负责。
536,선택과 결단,Decisions,어려운 결정을 미루면 쉬운 결정도 사라진다.,Postpone the hard call and the easy ones vanish too.,"Si aplazas lo difícil, también desaparece lo fácil.",拖延难的决定，容易的决定也会消失。
537,선택과 결단,Decisions,기준이 있으면 선택은 계산이 된다.,"With a standard, choosing becomes arithmetic.","Con un criterio, elegir se vuelve aritmética.",有了标准，选择就变成计算。
538,선택과 결단,Decisions,가장 나쁜 선택은 아무것도 고르지 않는 것이다.,The worst choice is choosing nothing.,La peor elección es no elegir nada.,最坏的选择，是什么都不选。
539,선택과 결단,Decisions,"10분 뒤, 10개월 뒤, 10년 뒤를 함께 보라.","Weigh ten minutes, ten months, and ten years together.","Considera diez minutos, diez meses y diez años a la vez.",同时看十分钟后、十个月后、十年后。
540,선택과 결단,Decisions,많이 아는 것보다 잘 고르는 것이 어렵다.,Choosing well is harder than knowing much.,Elegir bien es más difícil que saber mucho.,会选，比知道得多更难。
541,선택과 결단,Decisions,불편한 진실 쪽이 대개 옳은 선택이다.,The uncomfortable truth is usually the right choice.,La verdad incómoda suele ser la elección correcta.,令人不适的真相，往往是正确的选择。
542,선택과 결단,Decisions,선택지가 하나뿐이라면 아직 다 찾지 않은 것이다.,"If you see only one option, you have not looked enough.","Si solo ves una opción, no has buscado bastante.",只看到一个选项，说明还没找完。
543,선택과 결단,Decisions,누가 반대하느냐보다 왜 반대하는지를 보라.,"Look at why they object, not at who objects.","Mira por qué se oponen, no quién se opone.",重要的是为何反对，而非谁反对。
544,선택과 결단,Decisions,결단은 정보의 문제가 아니라 용기의 문제다.,"Deciding is a matter of nerve, not of data.","Decidir es cuestión de valor, no de datos.",决断是勇气问题，不是信息问题。
545,선택과 결단,Decisions,후회할 것 같은 쪽을 먼저 지워라.,Cross out first the option you would regret.,Tacha primero la opción que lamentarías.,先划掉你会后悔的那一项。
546,선택과 결단,Decisions,급할 때 내린 결정은 대개 급하게 후회한다.,Decisions made in haste are regretted in haste.,Las decisiones apresuradas se lamentan con prisa.,仓促的决定，往往仓促后悔。
547,선택과 결단,Decisions,어떤 문을 닫아야 다른 문이 열린다.,Some doors must close before others open.,Algunas puertas deben cerrarse para que otras se abran.,关上一扇门，另一扇才会开。
548,선택과 결단,Decisions,선택의 질은 준비된 대안의 수에 비례한다.,The quality of a choice matches the number of alternatives you prepared.,La calidad de una elección depende de cuántas alternativas preparaste.,选择的质量，取决于备选方案的数量。
549,선택과 결단,Decisions,스스로 고른 어려움은 견딜 만하다.,Hardship you chose yourself is bearable.,La dificultad que elegiste se puede soportar.,自己选择的困难，是可以承受的。
550,선택과 결단,Decisions,모든 문을 열어 두면 어디에도 들어갈 수 없다.,Keep every door open and you enter none.,"Si dejas todas las puertas abiertas, no entras en ninguna.",所有门都开着，就哪扇也进不去。
551,경쟁과 승부,Competition,어제의 나를 이기는 것이 가장 정직한 경쟁이다.,Beating yesterday's self is the most honest competition.,Vencer al de ayer es la competencia más honesta.,战胜昨天的自己，是最诚实的竞争。
552,경쟁과 승부,Competition,이기는 법보다 지지 않는 법을 먼저 배워라.,Learn how not to lose before you learn how to win.,Aprende a no perder antes que a ganar.,先学不输，再学赢。
553,경쟁과 승부,Competition,"경쟁자를 보면 따라가고, 고객을 보면 앞서간다.",Watch rivals and you follow; watch customers and you lead.,Mira a los rivales y seguirás; mira a los clientes y liderarás.,盯着对手就跟随，盯着客户才领先。
554,경쟁과 승부,Competition,승부는 마지막 5분이 아니라 준비된 5개월에서 갈린다.,"A contest is decided by five months of prep, not five final minutes.","El resultado se decide en cinco meses de trabajo, no en cinco minutos.",胜负取决于五个月的准备，而非最后五分钟。
555,경쟁과 승부,Competition,남이 쉬는 시간에 만들어지는 것이 격차다.,The gap forms while others are resting.,La diferencia se crea mientras otros descansan.,差距，在别人休息时形成。
556,경쟁과 승부,Competition,이겨야 할 상대는 대개 자기 안에 있다.,The opponent to beat is usually inside you.,El rival a vencer suele estar dentro de ti.,该战胜的对手，往往在自己心里。
557,경쟁과 승부,Competition,잘하는 사람을 미워하면 배울 기회를 잃는다.,Resent the skilled and you lose the chance to learn.,"Si envidias al talentoso, pierdes la oportunidad de aprender.",嫉妒强者，就失去了学习的机会。
558,경쟁과 승부,Competition,경기장에 선 사람만이 결과를 말할 자격이 있다.,Only those in the arena may speak of the result.,Solo quien entra en la arena puede hablar del resultado.,只有下场的人，才有资格谈论结果。
559,경쟁과 승부,Competition,한 분야에서 1등이 되려면 그 분야를 좁혀라.,"To be first in a field, make the field narrower.","Para ser el primero, estrecha el campo.",想成为第一，就把领域缩小。
560,경쟁과 승부,Competition,규칙을 아는 사람이 규칙 안에서 이긴다.,Whoever knows the rules wins within them.,Quien conoce las reglas gana dentro de ellas.,懂规则的人，在规则内取胜。
561,경쟁과 승부,Competition,경쟁이 치열할수록 기본이 승부를 가른다.,"The fiercer the competition, the more basics decide it.","Cuanto más dura la competencia, más deciden los fundamentos.",竞争越激烈，基本功越决定胜负。
562,경쟁과 승부,Competition,이기고도 존경받지 못하면 절반만 이긴 것이다.,Winning without respect is only half a win.,Ganar sin respeto es ganar a medias.,赢了却不被尊重，只赢了一半。
563,경쟁과 승부,Competition,모두가 뛰는 트랙 대신 나만의 트랙을 만들어라.,"Instead of the crowded track, build your own.","En vez de la pista llena, construye la tuya.",与其挤在同一条跑道，不如开辟自己的跑道。
564,경쟁과 승부,Competition,졌을 때 무엇을 배웠는지가 다음 경기를 정한다.,What you learned in defeat decides the next match.,Lo aprendido en la derrota decide el próximo partido.,输时学到什么，决定下一场比赛。
565,경쟁과 승부,Competition,1등과 2등의 차이는 대개 아주 작은 습관이다.,The gap between first and second is usually a tiny habit.,Entre el primero y el segundo suele haber un hábito mínimo.,第一与第二之差，往往是一个小习惯。
566,경쟁과 승부,Competition,남을 깎아내려 오르는 자리는 오래 가지 않는다.,A position gained by pulling others down does not last.,El puesto ganado hundiendo a otros no dura.,靠贬低他人换来的位置，不会长久。
567,경쟁과 승부,Competition,실력이 비슷할 때는 태도가 결정한다.,"When skills are equal, attitude decides.","Cuando la habilidad empata, decide la actitud.",实力相当时，态度决定胜负。
568,경쟁과 승부,Competition,승리보다 회복이 빠른 사람이 결국 강하다.,Whoever recovers fastest is stronger than whoever wins most.,Quien se recupera más rápido es más fuerte que quien más gana.,恢复得快的人，最终比赢得多的人更强。
569,경쟁과 승부,Competition,시장은 노력이 아니라 결과에 값을 매긴다.,"The market prices results, not effort.","El mercado paga resultados, no esfuerzos.",市场为结果定价，而非努力。
570,경쟁과 승부,Competition,자신의 약점을 아는 사람이 상대의 약점도 본다.,Those who know their own weakness see the rival's too.,Quien conoce su debilidad ve también la ajena.,了解自己弱点的人，也能看见对手的弱点。
571,경쟁과 승부,Competition,이기는 습관은 작은 경기에서 만들어진다.,The habit of winning is built in small matches.,El hábito de ganar se forja en partidos pequeños.,赢的习惯，在小比赛中养成。
572,경쟁과 승부,Competition,경쟁자가 없다면 시장이 없는 것일 수도 있다.,No competitors may mean no market.,Sin competidores quizá no haya mercado.,没有竞争者，也许意味着没有市场。
573,경쟁과 승부,Competition,압박은 준비된 사람에게만 기회가 된다.,Pressure becomes opportunity only for the prepared.,La presión es oportunidad solo para el preparado.,压力，只对有准备的人成为机会。
574,경쟁과 승부,Competition,긴 승부에서는 체력과 인성이 남는다.,"In a long contest, stamina and character remain.",En una lucha larga quedan la resistencia y el carácter.,漫长的较量，最后留下的是体力与品格。
575,경쟁과 승부,Competition,자기 기록과 겨루는 사람은 지치지 않는다.,Those who race their own record never tire.,Quien compite con su propia marca no se agota.,与自己的纪录较量的人，不会疲惫。
576,변화와 적응,Change,변하지 않는 유일한 것은 변한다는 사실이다.,The only constant is that things change.,Lo único constante es que todo cambia.,唯一不变的，是变化本身。
577,변화와 적응,Change,살아남는 것은 강한 것이 아니라 맞추는 것이다.,What survives is not the strongest but the most adaptable.,"Sobrevive no el más fuerte, sino el que mejor se adapta.",存活下来的不是最强的，而是最能适应的。
578,변화와 적응,Change,어제의 정답이 오늘의 오답이 될 수 있다.,Yesterday's right answer can be today's wrong one.,La respuesta correcta de ayer puede ser el error de hoy.,昨天的正解，可能是今天的错误。
579,변화와 적응,Change,변화를 거부하면 변화가 당신을 선택한다.,Refuse change and change will choose you.,"Si rechazas el cambio, el cambio te elegirá a ti.",拒绝改变，改变就会来选择你。
580,변화와 적응,Change,익숙한 방식이 가장 위험한 관성이다.,Familiar methods are the most dangerous inertia.,El método habitual es la inercia más peligrosa.,习惯的方式，是最危险的惯性。
581,변화와 적응,Change,새로운 도구를 배우는 비용이 뒤처지는 비용보다 싸다.,Learning a new tool costs less than falling behind.,Aprender una herramienta cuesta menos que quedarse atrás.,学新工具的成本，低于落后的成本。
582,변화와 적응,Change,바람의 방향은 못 바꿔도 돛은 바꿀 수 있다.,"You cannot change the wind, but you can trim the sail.","No cambias el viento, pero sí las velas.",改变不了风向，但可以调整帆。
583,변화와 적응,Change,위기는 변화가 문을 두드리는 소리다.,A crisis is change knocking at the door.,Una crisis es el cambio llamando a la puerta.,危机，是变化在敲门。
584,변화와 적응,Change,버리지 못하면 새로 담을 수 없다.,"If you cannot let go, you cannot take in.","Si no sueltas, no puedes recibir.",放不下，就装不进新的。
585,변화와 적응,Change,과거의 성공이 다음 변화의 가장 큰 걸림돌이다.,Past success is the biggest obstacle to the next change.,El éxito pasado es el mayor obstáculo del próximo cambio.,过去的成功，是下一次变革最大的障碍。
586,변화와 적응,Change,세상은 준비를 기다려 주지 않는다.,The world does not wait for you to be ready.,El mundo no espera a que estés listo.,世界不会等你准备好。
587,변화와 적응,Change,작은 변화를 자주 겪은 사람은 큰 변화에 강하다.,Those used to small changes handle big ones well.,Quien vive cambios pequeños resiste los grandes.,经历小变化多的人，能扛住大变化。
588,변화와 적응,Change,배운 것을 버릴 줄 아는 것도 능력이다.,Unlearning is a skill of its own.,Desaprender también es una habilidad.,懂得放下所学，也是一种能力。
589,변화와 적응,Change,변화의 초기에는 언제나 소음이 크다.,Early change always comes with loud noise.,Todo cambio comienza con mucho ruido.,变化初期，噪音总是很大。
590,변화와 적응,Change,적응은 포기가 아니라 생존의 지혜다.,Adapting is not giving up; it is the wisdom of survival.,Adaptarse no es rendirse; es sabiduría de supervivencia.,适应不是放弃，而是生存的智慧。
591,변화와 적응,Change,모두가 확신할 때는 이미 늦은 때다.,"By the time everyone is certain, it is already late.","Cuando todos están seguros, ya es tarde.",当所有人都确信时，已经太晚。
592,변화와 적응,Change,바뀌는 환경보다 바뀌지 않는 나를 점검하라.,"Examine the self that has not changed, not the world that has.","Revisa lo que en ti no cambia, no lo que cambia fuera.",与其检视变化的环境，不如检视没变的自己。
593,변화와 적응,Change,불편함은 새로운 방식이 자리 잡는 소리다.,Discomfort is the sound of a new way settling in.,La incomodidad es el sonido de lo nuevo asentándose.,不适，是新方式落地的声音。
594,변화와 적응,Change,"기술은 도구일 뿐, 방향은 사람이 정한다.",Technology is only a tool; people set the direction.,La tecnología es una herramienta; el rumbo lo fija la gente.,技术只是工具，方向由人决定。
595,변화와 적응,Change,같은 자리에 서 있어도 세상이 움직이면 뒤처진다.,Stand still while the world moves and you fall behind.,Quédate quieto mientras el mundo avanza y quedarás atrás.,原地不动，世界前进，你就落后了。
596,변화와 적응,Change,변화의 속도보다 배우는 속도가 빨라야 한다.,You must learn faster than the world changes.,Debes aprender más rápido de lo que cambia el mundo.,学习的速度，必须快过变化的速度。
597,변화와 적응,Change,위기를 겪은 조직이 다음 위기에 강하다.,An organization that survived a crisis is ready for the next.,La organización que superó una crisis resiste la siguiente.,经历过危机的组织，能扛住下一次危机。
598,변화와 적응,Change,계획을 자주 고치는 것은 실패가 아니라 학습이다.,"Revising the plan often is learning, not failing.","Revisar el plan a menudo es aprender, no fracasar.",经常修改计划，是学习而非失败。
599,변화와 적응,Change,낯선 것을 먼저 시도해 본 사람이 표준을 만든다.,Whoever tries the unfamiliar first sets the standard.,Quien prueba primero lo desconocido crea el estándar.,率先尝试陌生事物的人，定义标准。
600,변화와 적응,Change,변화는 두렵지만 정체는 더 위험하다.,Change is frightening; stagnation is more dangerous.,El cambio asusta; el estancamiento es más peligroso.,变化可怕，停滞更危险。
601,소통과 말,Communication,말은 짧을수록 멀리 간다.,"The shorter the words, the farther they travel.","Cuanto más breves las palabras, más lejos llegan.",话越短，传得越远。
602,소통과 말,Communication,이해받고 싶다면 먼저 이해하려고 하라.,"If you want to be understood, first try to understand.","Si quieres ser comprendido, comprende primero.",想被理解，先去理解。
603,소통과 말,Communication,설명이 길어지는 것은 아직 정리되지 않았다는 뜻이다.,A long explanation means your thinking is not yet clear.,Una explicación larga indica ideas poco claras.,解释越长，说明还没想清楚。
604,소통과 말,Communication,말은 던지는 것이 아니라 전해지는 것이다.,Words are not thrown; they are delivered.,Las palabras no se lanzan; se entregan.,话不是抛出去的，而是送达的。
605,소통과 말,Communication,한 번 뱉은 말은 다시 담을 수 없다.,A spoken word cannot be put back.,La palabra dicha no vuelve atrás.,说出口的话，收不回来。
606,소통과 말,Communication,상대의 말을 끊지 않는 것만으로 절반은 설득된다.,Not interrupting already wins half the argument.,No interrumpir ya gana la mitad de la discusión.,不打断对方，就已说服了一半。
607,소통과 말,Communication,어려운 말을 쉽게 하는 사람이 진짜 전문가다.,The real expert makes hard things sound simple.,El verdadero experto hace fácil lo difícil.,把难懂的说简单，才是真专家。
608,소통과 말,Communication,사실을 말하되 상처를 주지 않는 방법을 찾아라.,"Tell the truth, but find a way that does not wound.","Di la verdad, pero busca no herir.",说事实，但要找到不伤人的方式。
609,소통과 말,Communication,침묵도 하나의 대답이다.,Silence is also an answer.,El silencio también es una respuesta.,沉默，也是一种回答。
610,소통과 말,Communication,자주 말하는 사람보다 정확히 말하는 사람이 신뢰받는다.,Speaking precisely earns more trust than speaking often.,Hablar con precisión genera más confianza que hablar mucho.,说得准的人，比说得多的人更受信任。
611,소통과 말,Communication,같은 내용도 순서를 바꾸면 다르게 들린다.,The same content sounds different in a different order.,El mismo contenido suena distinto en otro orden.,同样的内容，换个顺序就不同。
612,소통과 말,Communication,질문은 대화를 열고 단정은 대화를 닫는다.,Questions open a conversation; conclusions close it.,Las preguntas abren la conversación; las sentencias la cierran.,提问打开对话，断言关闭对话。
613,소통과 말,Communication,잘 쓴 한 문장이 긴 회의보다 낫다.,One well-written sentence beats a long meeting.,Una frase bien escrita vence a una reunión larga.,写好的一句话，胜过一场长会。
614,소통과 말,Communication,말투는 내용을 담는 그릇이다.,Tone is the vessel that carries the message.,El tono es el recipiente del mensaje.,语气，是承载内容的容器。
615,소통과 말,Communication,모른다고 말하는 것이 신뢰를 가장 빨리 쌓는다.,Saying you do not know builds trust fastest.,Decir que no sabes construye confianza rápidamente.,说不知道，最快建立信任。
616,소통과 말,Communication,상대가 이해할 언어로 말하는 것이 배려다.,Speaking in the listener's language is an act of care.,Hablar en el idioma del otro es un gesto de cuidado.,用对方能懂的语言说话，就是体贴。
617,소통과 말,Communication,감정이 격할 때는 말을 하루 미뤄라.,"When emotions run high, postpone the words by a day.","Cuando la emoción arde, aplaza las palabras un día.",情绪激动时，把话推迟一天再说。
618,소통과 말,Communication,글로 정리되지 않는 생각은 말로도 흐릿하다.,Thoughts you cannot write stay blurry when spoken.,Lo que no puedes escribir suena confuso al hablar.,写不清楚的想法，说出来也含糊。
619,소통과 말,Communication,칭찬은 구체적일수록 진심으로 들린다.,"The more specific the praise, the more sincere it sounds.","Cuanto más concreto el elogio, más sincero suena.",赞美越具体，越显真诚。
620,소통과 말,Communication,경청은 동의가 아니라 존중이다.,"Listening is respect, not agreement.","Escuchar es respeto, no acuerdo.",倾听是尊重，不是同意。
621,소통과 말,Communication,먼저 결론을 말하고 이유를 덧붙여라.,"Give the conclusion first, then the reasons.",Da primero la conclusión y luego las razones.,先说结论，再补理由。
622,소통과 말,Communication,말이 아니라 반응을 보고 소통 여부를 판단하라.,"Judge communication by the response, not by your words.","Juzga la comunicación por la reacción, no por tus palabras.",沟通成功与否，看反应而非看你说了什么。
623,소통과 말,Communication,"비판은 행동에, 존중은 사람에게 향해야 한다.",Aim criticism at the behavior and respect at the person.,Critica la conducta y respeta a la persona.,批评针对行为，尊重针对人。
624,소통과 말,Communication,어려운 말을 꺼내는 5분이 몇 달을 아껴 준다.,Five minutes of a hard conversation saves months.,Cinco minutos de conversación difícil ahorran meses.,开口谈难事的五分钟，省下数月。
625,소통과 말,Communication,좋은 질문 하나가 좋은 답 열 개보다 낫다.,One good question beats ten good answers.,Una buena pregunta vale más que diez buenas respuestas.,一个好问题，胜过十个好答案。
626,협업과 팀워크,Teamwork,한 사람의 천재보다 열 사람의 합이 강하다.,Ten people aligned beat one genius alone.,Diez personas alineadas superan a un genio solo.,十人齐心，胜过一个天才。
627,협업과 팀워크,Teamwork,팀의 속도는 가장 느린 연결에서 정해진다.,A team moves at the speed of its slowest link.,Un equipo avanza al ritmo de su eslabón más lento.,团队的速度，取决于最慢的那个环节。
628,협업과 팀워크,Teamwork,역할이 분명하면 갈등이 줄어든다.,Clear roles reduce conflict.,Roles claros reducen los conflictos.,角色清晰，冲突就少。
629,협업과 팀워크,Teamwork,서로의 강점을 아는 팀이 위기에서 강하다.,A team that knows its strengths is strong in a crisis.,El equipo que conoce sus fortalezas resiste la crisis.,了解彼此长处的团队，危机中最强。
630,협업과 팀워크,Teamwork,누가 옳은지보다 무엇이 옳은지를 따져라.,"Ask what is right, not who is right.","Pregunta qué es correcto, no quién lo es.",要问什么是对的，而不是谁是对的。
631,협업과 팀워크,Teamwork,정보를 나누는 팀이 실수를 덜 한다.,Teams that share information make fewer mistakes.,Los equipos que comparten información fallan menos.,共享信息的团队，犯错更少。
632,협업과 팀워크,Teamwork,내가 없어도 돌아가는 구조를 만들어라.,Build a system that runs without you.,Construye un sistema que funcione sin ti.,建立没有你也能运转的结构。
633,협업과 팀워크,Teamwork,함께 일하기 좋은 사람이 되는 것도 실력이다.,Being easy to work with is a skill too.,Ser fácil de tratar también es una habilidad.,好共事，也是一种能力。
634,협업과 팀워크,Teamwork,같은 목표를 보면 다른 방법도 견딜 수 있다.,Share a goal and you can tolerate different methods.,Con una meta común se toleran métodos distintos.,目标一致，方法不同也能包容。
635,협업과 팀워크,Teamwork,공을 다투는 팀은 오래 가지 못한다.,A team fighting over credit will not last.,Un equipo que pelea por el mérito no dura.,争功的团队，走不远。
636,협업과 팀워크,Teamwork,도움을 요청하는 것도 협업의 기술이다.,Asking for help is a collaboration skill.,Pedir ayuda es una habilidad de colaboración.,求助，也是协作的技巧。
637,협업과 팀워크,Teamwork,모두가 말할 수 있는 회의가 좋은 회의다.,A good meeting is one where everyone can speak.,Una buena reunión es aquella donde todos pueden hablar.,人人都能发言的会议，才是好会议。
638,협업과 팀워크,Teamwork,중복은 낭비지만 겹치는 이해는 안전장치다.,Duplicated work is waste; shared understanding is a safeguard.,"Duplicar trabajo es desperdicio; compartir comprensión, seguridad.",重复劳动是浪费，共同理解是保障。
639,협업과 팀워크,Teamwork,약속한 일정을 지키는 것이 최고의 협업이다.,Meeting the agreed deadline is the best collaboration.,Cumplir el plazo acordado es la mejor colaboración.,守住约定的时程，就是最好的协作。
640,협업과 팀워크,Teamwork,팀의 문화는 허용된 최악의 행동으로 정해진다.,A team's culture is defined by the worst behavior it allows.,La cultura de un equipo la define la peor conducta que tolera.,团队文化，由被容忍的最差行为决定。
641,협업과 팀워크,Teamwork,기여를 눈에 보이게 만들면 동기가 살아난다.,Make contribution visible and motivation revives.,Haz visible la contribución y renacerá la motivación.,让贡献可见，动力就会复苏。
642,협업과 팀워크,Teamwork,비난 없는 회고가 다음 성과를 만든다.,Blameless review creates the next result.,La revisión sin culpables genera el próximo resultado.,不追责的复盘，造就下一次成果。
643,협업과 팀워크,Teamwork,각자 잘하는 일을 하면 전체가 빨라진다.,Let each do what they do best and the whole speeds up.,Que cada uno haga lo suyo y el conjunto acelerará.,各展所长，整体就变快。
644,협업과 팀워크,Teamwork,고맙다는 말은 팀의 윤활유다.,Thank you is a team's lubricant.,Un gracias es el lubricante del equipo.,谢谢，是团队的润滑剂。
645,협업과 팀워크,Teamwork,합의 없이 시작하면 두 번 일하게 된다.,Start without agreement and you will do it twice.,Empezar sin acuerdo obliga a repetir el trabajo.,没有共识就开始，会做两遍。
646,협업과 팀워크,Teamwork,가장 좋은 팀은 서로의 실수를 덮어 준다.,The best teams cover for each other's mistakes.,Los mejores equipos cubren los errores mutuos.,最好的团队，会为彼此的失误补位。
647,협업과 팀워크,Teamwork,권한 없는 책임은 사람을 지치게 한다.,Responsibility without authority exhausts people.,Responsabilidad sin autoridad agota a la gente.,有责无权，最耗人。
648,협업과 팀워크,Teamwork,공동의 적보다 공동의 목표가 오래 간다.,A shared goal outlasts a shared enemy.,Una meta común dura más que un enemigo común.,共同的目标，比共同的敌人更持久。
649,협업과 팀워크,Teamwork,말하지 않은 기대는 반드시 어긋난다.,Unspoken expectations always go wrong.,Las expectativas no dichas siempre fallan.,没说出口的期待，一定会落空。
650,협업과 팀워크,Teamwork,혼자 해결하려는 고집이 팀을 느리게 만든다.,Insisting on solving it alone slows the team.,Empeñarse en resolverlo solo frena al equipo.,执意独自解决，会拖慢团队。
651,일과 장인정신,Craft,어떤 일이든 끝까지 다듬는 사람이 이긴다.,"Whoever polishes to the end wins, whatever the work.","Gana quien pule hasta el final, sea cual sea la tarea.",无论做什么，打磨到底的人才赢。
652,일과 장인정신,Craft,디테일은 아무도 안 볼 때 드러난다.,Details reveal themselves when no one is watching.,Los detalles se notan cuando nadie mira.,细节，在无人注视时显现。
653,일과 장인정신,Craft,작은 일을 대하는 태도가 큰 일을 맡을 자격이다.,How you treat small work qualifies you for big work.,Cómo tratas lo pequeño te habilita para lo grande.,对待小事的态度，决定能否担大事。
654,일과 장인정신,Craft,보수와 상관없이 최선을 다한 일이 이력이 된다.,Work done well regardless of pay becomes your record.,"El trabajo bien hecho, pagado o no, es tu historial.",不论报酬都尽力做好的事，成为你的履历。
655,일과 장인정신,Craft,자기 이름을 걸 수 있는 결과물만 내보내라.,Ship only what you would sign your name to.,Entrega solo lo que firmarías con tu nombre.,只交付你敢署名的成果。
656,일과 장인정신,Craft,반복되는 일에도 개선의 여지는 늘 있다.,Even routine work always leaves room to improve.,Incluso lo rutinario deja margen de mejora.,再重复的工作，也总有改进空间。
657,일과 장인정신,Craft,장인은 도구를 탓하지 않는다.,A craftsman does not blame the tools.,El artesano no culpa a sus herramientas.,匠人不怪工具。
658,일과 장인정신,Craft,마감의 품질이 그 사람의 품격이다.,The quality of the finish reveals the person.,La calidad del acabado revela a la persona.,收尾的品质，体现一个人的品格。
659,일과 장인정신,Craft,일을 사랑하지 않아도 잘할 수는 있지만 오래 하기는 어렵다.,"You can do well without loving the work, but not for long.","Puedes hacerlo bien sin amarlo, pero no por mucho tiempo.",不爱这份工作也能做好，但难以长久。
660,일과 장인정신,Craft,같은 일을 십 년 하면 다른 눈이 생긴다.,Ten years at one craft gives you different eyes.,Diez años en un oficio te dan otros ojos.,做同一件事十年，会长出不同的眼睛。
661,일과 장인정신,Craft,프로는 기분이 아니라 기준으로 일한다.,"A professional works by standards, not by mood.","El profesional trabaja con criterios, no con estados de ánimo.",专业的人靠标准工作，不靠心情。
662,일과 장인정신,Craft,서두른 결과물은 반드시 되돌아온다.,Rushed work always comes back to you.,El trabajo apresurado siempre regresa.,赶工的成果，一定会回来找你。
663,일과 장인정신,Craft,숙련은 시간이 아니라 집중한 시간의 총량이다.,"Mastery is the sum of focused hours, not elapsed years.","La maestría suma horas concentradas, no años pasados.",熟练，是专注时间的总量，而非年数。
664,일과 장인정신,Craft,남이 대충 넘어간 곳에서 차이가 생긴다.,The difference appears where others cut corners.,La diferencia surge donde otros se saltan pasos.,差别，出现在别人马虎的地方。
665,일과 장인정신,Craft,일의 의미는 주어지지 않고 자기가 붙인다.,Meaning at work is not given; you attach it.,El sentido del trabajo no se da; se le pone.,工作的意义不是被赋予的，是自己赋予的。
666,일과 장인정신,Craft,고쳐 쓴 흔적이 많을수록 좋은 결과물이다.,"The more revisions, the better the result.","Cuantas más correcciones, mejor el resultado.",修改的痕迹越多，成果越好。
667,일과 장인정신,Craft,자기 일을 설명할 수 있어야 진짜 아는 것이다.,You truly know your work only if you can explain it.,Solo sabes tu oficio si puedes explicarlo.,能讲清楚自己的工作，才算真懂。
668,일과 장인정신,Craft,남는 것은 결과물이지 변명이 아니다.,"What remains is the work, not the excuse.","Lo que queda es la obra, no la excusa.",留下的是作品，不是借口。
669,일과 장인정신,Craft,처음과 끝을 스스로 책임지는 사람이 성장한다.,Those who own both the start and the finish grow.,Crece quien se responsabiliza del inicio y del final.,从头负责到尾的人，才会成长。
670,일과 장인정신,Craft,잘 만든 것은 설명이 필요 없다.,Something well made needs no explanation.,Lo bien hecho no necesita explicación.,做得好的东西，不需要解释。
671,일과 장인정신,Craft,일에 대한 자부심은 태도에서 새어 나온다.,Pride in your work leaks out through your manner.,El orgullo por tu trabajo se filtra en tus modales.,对工作的自豪，会从态度中流露。
672,일과 장인정신,Craft,손이 느려도 정확한 사람이 결국 빠르다.,Slow but accurate hands end up fastest.,Manos lentas pero precisas acaban siendo las más rápidas.,手慢但精准的人，最终最快。
673,일과 장인정신,Craft,일의 마지막 10퍼센트가 품질의 90퍼센트다.,The last ten percent of the work is ninety percent of the quality.,El último diez por ciento del trabajo es el noventa de la calidad.,工作的最后一成，决定九成的品质。
674,일과 장인정신,Craft,누군가 볼 것이라 생각하고 만들면 결국 누군가 본다.,"Make it as if someone will see it, and someone will.","Hazlo como si alguien fuera a verlo, y alguien lo verá.",当作有人会看那样去做，最终真会有人看见。
675,일과 장인정신,Craft,일터에서의 정직이 가장 확실한 경력 관리다.,Honesty at work is the surest career management.,La honestidad laboral es la mejor gestión de carrera.,职场上的诚实，是最可靠的职业管理。
676,독서와 지식,Reading,한 권의 책은 한 사람의 인생을 압축한 파일이다.,A book is a compressed file of someone's life.,Un libro es un archivo comprimido de una vida.,一本书，是一个人一生的压缩文件。
677,독서와 지식,Reading,읽지 않은 사람은 자기 경험 안에서만 산다.,Those who do not read live only inside their own experience.,Quien no lee vive solo dentro de su experiencia.,不读书的人，只活在自己的经验里。
678,독서와 지식,Reading,지식은 쌓는 것이 아니라 연결하는 것이다.,"Knowledge is connected, not stacked.","El conocimiento se conecta, no se apila.",知识不是堆积，而是连接。
679,독서와 지식,Reading,밑줄만 긋고 덮은 책은 읽지 않은 책이다.,A book only underlined is a book unread.,Un libro solo subrayado es un libro no leído.,只划线就合上的书，等于没读。
680,독서와 지식,Reading,한 권을 세 번 읽는 것이 세 권을 한 번 읽는 것보다 낫다.,Reading one book three times beats reading three books once.,Leer un libro tres veces vale más que tres libros una vez.,一本书读三遍，胜过三本书各读一遍。
681,독서와 지식,Reading,모르는 분야의 책이 가장 크게 남는다.,Books outside your field leave the deepest mark.,Los libros ajenos a tu campo dejan más huella.,陌生领域的书，留下的最多。
682,독서와 지식,Reading,읽은 뒤 한 줄이라도 실천하면 그 책은 값을 한다.,Act on one line and the book has paid for itself.,Aplica una línea y el libro ya se pagó solo.,读后哪怕实践一句，这本书就值了。
683,독서와 지식,Reading,정보는 넘치지만 이해는 여전히 귀하다.,Information overflows; understanding stays rare.,Sobra información; escasea la comprensión.,信息泛滥，理解依然稀缺。
684,독서와 지식,Reading,검색은 답을 주고 독서는 질문을 준다.,Search gives answers; reading gives questions.,Buscar da respuestas; leer da preguntas.,搜索给答案，阅读给问题。
685,독서와 지식,Reading,좋은 책은 읽는 속도를 늦추게 만든다.,A good book slows your reading down.,Un buen libro te obliga a leer más despacio.,好书，会让你读得更慢。
686,독서와 지식,Reading,아는 것이 많아질수록 모르는 것도 늘어난다.,"The more you know, the more you find you do not.","Cuanto más sabes, más descubres que ignoras.",知道得越多，不知道的也越多。
687,독서와 지식,Reading,메모 없는 독서는 물을 체로 뜨는 일이다.,Reading without notes is carrying water in a sieve.,Leer sin apuntes es llevar agua en un colador.,不做笔记的阅读，像用筛子舀水。
688,독서와 지식,Reading,어려운 문장을 견디는 힘이 사고력을 키운다.,The stamina to sit with hard sentences builds thinking.,Soportar frases difíciles fortalece el pensamiento.,忍受难句的能力，锻炼思维。
689,독서와 지식,Reading,고전이 살아남은 이유는 여전히 유용하기 때문이다.,Classics survive because they are still useful.,Los clásicos sobreviven porque siguen sirviendo.,经典之所以留存，因为它仍然有用。
690,독서와 지식,Reading,남의 생각을 읽는 시간이 내 생각을 만든다.,Time spent reading others shapes your own thinking.,El tiempo leyendo a otros forma tu pensamiento.,读别人的想法，塑造自己的想法。
691,독서와 지식,Reading,한 페이지라도 매일 읽는 사람을 이길 수 없다.,You cannot outpace someone who reads a page a day.,No superarás a quien lee una página cada día.,每天读一页的人，无人能敌。
692,독서와 지식,Reading,지식은 나눌수록 줄지 않고 늘어난다.,Knowledge shared does not shrink; it grows.,El conocimiento compartido no mengua; crece.,知识越分享，越增长。
693,독서와 지식,Reading,읽는 목적이 분명하면 속도는 저절로 붙는다.,Read with a clear purpose and speed follows.,Lee con un propósito claro y la velocidad llegará.,目的明确，速度自然就来。
694,독서와 지식,Reading,출처를 확인하는 습관이 판단력을 지킨다.,Checking sources protects your judgment.,Verificar las fuentes protege tu juicio.,核实出处的习惯，守护判断力。
695,독서와 지식,Reading,다 읽지 못한 책도 읽은 만큼 남는다.,An unfinished book still leaves what you read.,Un libro sin terminar deja lo que leíste.,没读完的书，也留下读过的部分。
696,독서와 지식,Reading,같은 문장을 다르게 이해하는 것이 성장의 증거다.,Understanding the same sentence differently proves you grew.,Entender distinto la misma frase prueba que creciste.,同一句话有新的理解，就是成长的证据。
697,독서와 지식,Reading,책값보다 비싼 것은 읽지 않은 시간이다.,What costs more than a book is the time you did not read.,Más caro que un libro es el tiempo sin leerlo.,比书价更贵的，是没读书的时间。
698,독서와 지식,Reading,배운 것을 남에게 설명할 때 지식이 내 것이 된다.,Knowledge becomes yours when you explain it to someone.,El saber se vuelve tuyo cuando lo explicas.,把学到的讲给别人听，知识才属于你。
699,독서와 지식,Reading,서점에 자주 가는 사람은 생각이 늙지 않는다.,Those who visit bookstores keep their thinking young.,Quien frecuenta librerías mantiene joven el pensamiento.,常逛书店的人，思想不会变老。
700,독서와 지식,Reading,읽지 않고 판단하면 편견만 굳어진다.,Judge without reading and only prejudice hardens.,Juzgar sin leer solo endurece los prejuicios.,不读就判断，只会固化偏见。
701,리스크와 불확실성,Risk,모든 것이 확실해질 때까지 기다리면 아무것도 남지 않는다.,Wait until everything is certain and nothing will be left.,"Si esperas certeza total, no quedará nada.",等到一切都确定，就什么都不剩了。
702,리스크와 불확실성,Risk,감당할 수 있는 크기의 위험만 감수하라.,Take only the risk you can survive.,Asume solo el riesgo que puedas sobrevivir.,只承担你能承受的风险。
703,리스크와 불확실성,Risk,최악을 계산해 두면 두려움이 줄어든다.,Calculate the worst case and fear shrinks.,Calcula el peor escenario y el miedo se reduce.,算清最坏情况，恐惧就减少。
704,리스크와 불확실성,Risk,한 번에 전부를 걸지 마라.,Never stake everything on one throw.,Nunca lo apuestes todo de una vez.,不要一次押上全部。
705,리스크와 불확실성,Risk,위험을 피하는 것도 하나의 위험이다.,Avoiding risk is itself a risk.,Evitar el riesgo también es un riesgo.,回避风险，本身也是风险。
706,리스크와 불확실성,Risk,되돌릴 수 있는 실험은 많이 할수록 좋다.,"The more reversible experiments, the better.","Cuantos más experimentos reversibles, mejor.",可逆的实验，做得越多越好。
707,리스크와 불확실성,Risk,불확실성은 없애는 것이 아니라 줄이는 것이다.,"Uncertainty is reduced, not removed.","La incertidumbre se reduce, no se elimina.",不确定性只能减少，无法消除。
708,리스크와 불확실성,Risk,안전장치를 먼저 만든 뒤에 뛰어라.,"Build the safety net first, then jump.","Construye la red primero, luego salta.",先做好安全网，再往下跳。
709,리스크와 불확실성,Risk,모두가 안전하다고 말할 때가 가장 위험하다.,It is most dangerous when everyone calls it safe.,Lo más peligroso es cuando todos lo llaman seguro.,所有人都说安全时，最危险。
710,리스크와 불확실성,Risk,잃어도 되는 만큼만 걸어라.,Wager only what you can afford to lose.,Apuesta solo lo que puedas permitirte perder.,只押你输得起的部分。
711,리스크와 불확실성,Risk,계획 B가 있는 사람이 계획 A를 과감하게 실행한다.,Having a plan B lets you commit boldly to plan A.,Tener un plan B permite ejecutar el plan A con audacia.,有B计划的人，才敢果断执行A计划。
712,리스크와 불확실성,Risk,예측하려 하지 말고 대비하라.,Do not try to predict; prepare instead.,No intentes predecir; prepárate.,不要预测，要准备。
713,리스크와 불확실성,Risk,생존이 우선이고 수익은 그다음이다.,"Survival first, returns second.","Primero sobrevivir, luego rendir.",先生存，再谈收益。
714,리스크와 불확실성,Risk,위험은 모르는 데서 오지 아는 데서 오지 않는다.,Risk comes from what you do not know.,El riesgo viene de lo que no sabes.,风险来自未知，而非已知。
715,리스크와 불확실성,Risk,한 가지에만 의존하는 구조는 언젠가 무너진다.,A structure resting on one pillar eventually falls.,Una estructura con un solo pilar acaba cayendo.,只靠一根支柱的结构，终会倒塌。
716,리스크와 불확실성,Risk,작게 실패해 보는 것이 가장 싼 보험이다.,Failing small is the cheapest insurance.,Fracasar en pequeño es el seguro más barato.,小失败，是最便宜的保险。
717,리스크와 불확실성,Risk,확률이 낮아도 손실이 크면 피하라.,"Avoid it if the loss is huge, however low the odds.","Evítalo si la pérdida es enorme, por baja que sea la probabilidad.",概率再低，损失巨大就要回避。
718,리스크와 불확실성,Risk,모르는 것을 모른다고 인정하는 것이 첫 번째 방어선이다.,Admitting what you do not know is the first line of defense.,Reconocer lo que ignoras es la primera defensa.,承认自己的无知，是第一道防线。
719,리스크와 불확실성,Risk,위기는 예고 없이 오지만 준비는 예고 없이 도와준다.,Crises come without warning; preparation helps without notice.,Las crisis llegan sin avisar; la preparación ayuda sin anunciarse.,危机不打招呼，准备也悄然相助。
720,리스크와 불확실성,Risk,모든 달걀을 한 바구니에 담지 않는 이유는 바구니를 못 믿어서다.,We split the eggs because we cannot trust the basket.,Separamos los huevos porque no confiamos en la cesta.,不把鸡蛋放一个篮子，是因为不信任篮子。
721,리스크와 불확실성,Risk,여유 자금과 여유 시간이 최고의 방패다.,Spare money and spare time are the best shields.,El dinero y el tiempo de reserva son el mejor escudo.,余钱与余闲，是最好的盾牌。
722,리스크와 불확실성,Risk,불확실한 상황에서는 단순한 원칙이 이긴다.,"In uncertainty, simple rules win.",En la incertidumbre ganan las reglas simples.,不确定之中，简单原则取胜。
723,리스크와 불확실성,Risk,남들이 두려워할 때 기회가 만들어진다.,Opportunity forms while others are afraid.,La oportunidad nace cuando otros temen.,别人恐惧时，机会正在形成。
724,리스크와 불확실성,Risk,위험을 계량하면 감정이 개입할 자리가 줄어든다.,Quantify the risk and emotion has less room.,Cuantifica el riesgo y la emoción tendrá menos espacio.,把风险量化，情绪就少了插足之地。
725,리스크와 불확실성,Risk,배가 항구에 있으면 안전하지만 그것이 배의 목적은 아니다.,"A ship in harbor is safe, but that is not its purpose.","Un barco en puerto está seguro, pero no es su propósito.",船停在港口最安全，但那不是船的用途。
726,정리와 단순함,Simplicity,복잡한 것을 단순하게 만드는 것이 실력이다.,Skill is making the complex simple.,La habilidad es simplificar lo complejo.,把复杂变简单，就是本事。
727,정리와 단순함,Simplicity,더할 것이 없을 때가 아니라 뺄 것이 없을 때 완성된다.,It is finished not when nothing can be added but when nothing can be removed.,"Se completa no al no poder añadir, sino al no poder quitar.",不是无可增添，而是无可删减时才完成。
728,정리와 단순함,Simplicity,물건을 줄이면 결정도 줄어든다.,Fewer things mean fewer decisions.,Menos cosas significan menos decisiones.,东西少了，决定也少了。
729,정리와 단순함,Simplicity,공간의 여백이 생각의 여백을 만든다.,Empty space in the room creates space in the mind.,El vacío del espacio crea vacío mental.,空间的留白，造就思想的留白。
730,정리와 단순함,Simplicity,정리는 버리는 기술이 아니라 고르는 기술이다.,Tidying is not the art of discarding but of choosing.,"Ordenar no es el arte de tirar, sino de elegir.",整理不是丢弃的技术，而是挑选的技术。
731,정리와 단순함,Simplicity,하루의 끝에 책상을 비우면 내일이 가벼워진다.,Clear the desk at day's end and tomorrow feels light.,Despeja el escritorio al final del día y mañana será ligero.,一天结束时清空桌面，明天会更轻松。
732,정리와 단순함,Simplicity,필요한 것만 남기면 나머지는 다 여유다.,Keep only what you need and the rest is freedom.,Guarda solo lo necesario y el resto será holgura.,只留必需，其余都是余裕。
733,정리와 단순함,Simplicity,많이 가진 사람이 아니라 덜 필요한 사람이 자유롭다.,The free are not those who have much but those who need little.,"Libre no es quien tiene mucho, sino quien necesita poco.",自由的不是拥有多的人，而是需要少的人。
734,정리와 단순함,Simplicity,설명이 복잡하면 설계가 잘못된 것이다.,"If the explanation is complex, the design is wrong.","Si la explicación es compleja, el diseño está mal.",解释复杂，说明设计有问题。
735,정리와 단순함,Simplicity,규칙은 적을수록 잘 지켜진다.,Fewer rules are better kept.,Menos reglas se cumplen mejor.,规则越少，越容易遵守。
736,정리와 단순함,Simplicity,자주 쓰는 것만 가까이 두어라.,Keep close only what you use often.,Ten cerca solo lo que usas a menudo.,只把常用的放在手边。
737,정리와 단순함,Simplicity,미루어 둔 정리는 이자를 붙여 돌아온다.,Postponed tidying returns with interest.,El orden aplazado vuelve con intereses.,拖延的整理，会带着利息回来。
738,정리와 단순함,Simplicity,기능이 많은 도구보다 손에 맞는 도구가 낫다.,A tool that fits your hand beats one with many functions.,Mejor una herramienta que encaje que una con mil funciones.,合手的工具，胜过功能多的工具。
739,정리와 단순함,Simplicity,목록을 줄이면 실행률이 올라간다.,Shorten the list and completion rises.,Acorta la lista y subirá el cumplimiento.,清单变短，完成率就上升。
740,정리와 단순함,Simplicity,단순함은 게으름이 아니라 깊은 이해의 결과다.,Simplicity is not laziness but deep understanding.,"La simplicidad no es pereza, sino comprensión profunda.",简单不是懒惰，而是深刻理解的结果。
741,정리와 단순함,Simplicity,모으는 즐거움보다 비우는 홀가분함이 오래 간다.,The relief of letting go outlasts the joy of collecting.,El alivio de soltar dura más que el placer de acumular.,放下的轻松，比收集的快乐更持久。
742,정리와 단순함,Simplicity,시작 전에 정리하면 일이 절반으로 준다.,Tidy before you start and the work halves.,Ordena antes de empezar y el trabajo se reducirá a la mitad.,开始前整理，工作量减半。
743,정리와 단순함,Simplicity,이름을 붙이면 찾는 시간이 사라진다.,Label it and searching time disappears.,Etiqueta las cosas y desaparecerá el tiempo de búsqueda.,贴上标签，寻找的时间就消失了。
744,정리와 단순함,Simplicity,가진 것을 다 쓰지 못하면 짐이 된다.,What you cannot use becomes baggage.,Lo que no usas se convierte en carga.,用不完的东西，就成了负担。
745,정리와 단순함,Simplicity,단순한 삶은 적게 사는 것이 아니라 분명하게 사는 것이다.,A simple life is not a smaller life but a clearer one.,"Una vida simple no es menor, sino más clara.",简单的生活不是活得少，而是活得清楚。
746,정리와 단순함,Simplicity,정리된 파일 하나가 열 번의 회의를 줄인다.,One organized file saves ten meetings.,Un archivo bien ordenado evita diez reuniones.,一份整理好的文件，省下十次会议。
747,정리와 단순함,Simplicity,핵심만 남기면 속도는 저절로 빨라진다.,Keep only the essentials and speed follows.,Deja solo lo esencial y llegará la velocidad.,只留核心，速度自然提升。
748,정리와 단순함,Simplicity,"물건은 공간을, 미련은 마음을 차지한다.",Objects fill space; attachments fill the mind.,"Los objetos ocupan espacio; los apegos, la mente.",物品占据空间，执念占据心。
749,정리와 단순함,Simplicity,버리기 어려운 것부터 목록에 올려라.,List first what is hardest to discard.,Anota primero lo que más cuesta soltar.,把最难舍弃的先列出来。
750,정리와 단순함,Simplicity,가장 좋은 수납은 사지 않는 것이다.,The best storage solution is not buying it.,El mejor almacenamiento es no comprarlo.,最好的收纳，是不买。
751,감정과 평정심,Equanimity,감정은 손님이다. 머물게 하되 주인 자리는 주지 마라.,Emotions are guests; let them stay but never give them the house.,"Las emociones son huéspedes; acógelas, no les des la casa.",情绪是客人，可以留宿，但别让它当主人。
752,감정과 평정심,Equanimity,화가 났을 때 내린 결정은 대부분 비싸다.,Decisions made in anger are usually expensive.,Las decisiones tomadas con ira suelen ser caras.,愤怒时做的决定，代价通常很高。
753,감정과 평정심,Equanimity,숨을 한 번 고르는 것이 최고의 위기관리다.,One deep breath is the best crisis management.,Una respiración profunda es la mejor gestión de crisis.,深呼吸一次，是最好的危机管理。
754,감정과 평정심,Equanimity,감정을 억누르지 말고 이름을 붙여라.,Do not suppress the feeling; name it.,No reprimas la emoción; ponle nombre.,不要压抑情绪，给它命名。
755,감정과 평정심,Equanimity,기분은 날씨처럼 지나간다.,Moods pass like weather.,Los estados de ánimo pasan como el clima.,心情如天气，终会过去。
756,감정과 평정심,Equanimity,평정심은 무감각이 아니라 균형이다.,"Composure is balance, not numbness.","La serenidad es equilibrio, no insensibilidad.",平静不是麻木，而是平衡。
757,감정과 평정심,Equanimity,남의 감정까지 내가 책임질 필요는 없다.,You are not responsible for everyone else's feelings.,No eres responsable de las emociones ajenas.,你不必为别人的情绪负责。
758,감정과 평정심,Equanimity,불안은 대개 아직 오지 않은 일에 대한 세금이다.,Anxiety is a tax paid on things that never come.,La ansiedad es un impuesto sobre lo que nunca llega.,焦虑，多是为尚未发生之事缴的税。
759,감정과 평정심,Equanimity,반응하기 전에 3초를 벌어라.,Buy yourself three seconds before you react.,Gánate tres segundos antes de reaccionar.,反应之前，先争取三秒。
760,감정과 평정심,Equanimity,감정을 글로 옮기면 크기가 정확해진다.,Write the feeling down and its true size appears.,Escribe la emoción y verás su tamaño real.,把情绪写下来，就能看清它真正的大小。
761,감정과 평정심,Equanimity,타인의 무례가 내 하루를 결정하게 두지 마라.,Do not let someone's rudeness decide your day.,No dejes que la grosería ajena decida tu día.,别让他人的无礼决定你的一天。
762,감정과 평정심,Equanimity,잘 쉬지 못한 마음은 작은 일에도 흔들린다.,An unrested mind is shaken by small things.,Una mente sin descanso se altera con nada.,没休息好的心，小事也会动摇。
763,감정과 평정심,Equanimity,기대를 조정하면 분노도 조정된다.,Adjust your expectations and anger adjusts too.,Ajusta tus expectativas y se ajustará tu enojo.,调整期待，怒气也随之调整。
764,감정과 평정심,Equanimity,슬픔은 없애는 것이 아니라 지나가게 두는 것이다.,Sadness is not removed; it is allowed to pass.,La tristeza no se elimina; se deja pasar.,悲伤不是消除，而是让它过去。
765,감정과 평정심,Equanimity,감정의 파도 아래에는 늘 잔잔한 층이 있다.,Beneath every wave of feeling lies a still layer.,Bajo cada ola de emoción hay una capa serena.,情绪的波浪之下，总有平静的一层。
766,감정과 평정심,Equanimity,조용한 사람이 반드시 약한 것은 아니다.,Quiet does not mean weak.,Ser callado no significa ser débil.,安静，不代表软弱。
767,감정과 평정심,Equanimity,참는 것과 다스리는 것은 다르다.,Enduring and governing are not the same.,Aguantar y dominar no son lo mismo.,忍耐与驾驭，是两回事。
768,감정과 평정심,Equanimity,스스로에게 관대해야 남에게도 관대해진다.,Be gentle with yourself and you can be gentle with others.,Sé amable contigo y podrás serlo con otros.,善待自己，才能善待他人。
769,감정과 평정심,Equanimity,마음이 급할수록 걸음을 늦춰라.,"The more hurried the mind, the slower the step should be.","Cuanto más apurada la mente, más lento el paso.",心越急，步子越要慢。
770,감정과 평정심,Equanimity,모든 감정에는 알려 주려는 정보가 있다.,Every emotion carries information for you.,Cada emoción trae información para ti.,每种情绪，都带着要告诉你的信息。
771,감정과 평정심,Equanimity,후회는 감정이고 교훈은 선택이다.,Regret is a feeling; a lesson is a choice.,"El arrepentimiento es emoción; la lección, elección.",悔恨是情绪，教训是选择。
772,감정과 평정심,Equanimity,기쁨도 슬픔도 오래 머물지 않는다.,Neither joy nor sorrow stays long.,Ni la alegría ni la pena se quedan mucho.,喜悦与悲伤，都不会久留。
773,감정과 평정심,Equanimity,화를 참는 것보다 화가 나는 이유를 아는 것이 낫다.,Better to understand the anger than to swallow it.,Mejor entender la ira que tragársela.,理解愤怒的原因，胜过强忍愤怒。
774,감정과 평정심,Equanimity,평온한 얼굴은 훈련된 마음의 결과다.,A calm face is the product of a trained mind.,Un rostro sereno es fruto de una mente entrenada.,平和的面容，是训练过的心的结果。
775,감정과 평정심,Equanimity,오늘의 기분이 오늘의 실력은 아니다.,Today's mood is not today's ability.,El ánimo de hoy no es tu capacidad de hoy.,今天的心情，不等于今天的实力。
776,원칙과 정직,Integrity,원칙은 편할 때가 아니라 불편할 때 증명된다.,Principles are proven when they are inconvenient.,Los principios se prueban cuando incomodan.,原则，在不便时才被证明。
777,원칙과 정직,Integrity,정직은 기억할 것이 적어서 편하다.,Honesty is easy because there is less to remember.,La honestidad es cómoda: hay menos que recordar.,诚实很轻松，因为要记的少。
778,원칙과 정직,Integrity,한 번의 거짓말은 열 번의 설명을 부른다.,One lie demands ten explanations.,Una mentira exige diez explicaciones.,一次谎言，需要十次解释。
779,원칙과 정직,Integrity,아무도 보지 않을 때의 행동이 진짜 성품이다.,Character is what you do when no one watches.,El carácter es lo que haces sin testigos.,无人看见时的行为，才是真品格。
780,원칙과 정직,Integrity,타협할 것과 타협하지 않을 것을 미리 정해 두어라.,Decide in advance what you will and will not compromise.,Decide de antemano qué negociarás y qué no.,事先定好什么可以妥协，什么不行。
781,원칙과 정직,Integrity,평판은 오랜 시간의 작은 선택들이 쌓인 결과다.,Reputation is the sum of small choices over long years.,La reputación suma pequeñas decisiones durante años.,声誉，是长年小选择的累积。
782,원칙과 정직,Integrity,이익보다 오래 남는 것은 신용이다.,Credibility outlasts profit.,La credibilidad dura más que la ganancia.,信用比利益留存得更久。
783,원칙과 정직,Integrity,규칙을 지키는 비용은 어기는 비용보다 늘 싸다.,Following the rules always costs less than breaking them.,Cumplir las normas siempre cuesta menos que violarlas.,守规则的成本，永远低于违规。
784,원칙과 정직,Integrity,말과 행동이 같은 사람은 설득할 필요가 없다.,Those whose words match their deeds need no persuasion.,Quien actúa como habla no necesita convencer.,言行一致的人，不需要说服别人。
785,원칙과 정직,Integrity,작은 부정직이 큰 신뢰를 무너뜨린다.,Small dishonesty destroys large trust.,Una pequeña deshonestidad derriba una gran confianza.,小的不诚实，摧毁大的信任。
786,원칙과 정직,Integrity,잘못을 빨리 인정하면 손실도 작아진다.,Admit the error early and the loss stays small.,Admite el error pronto y la pérdida será menor.,尽早承认错误，损失就小。
787,원칙과 정직,Integrity,모두가 그렇게 한다는 말은 이유가 되지 못한다.,Everyone does it is not a reason.,Que todos lo hagan no es una razón.,大家都这么做，不是理由。
788,원칙과 정직,Integrity,원칙이 있는 사람은 매번 고민하지 않는다.,Those with principles do not agonize every time.,Quien tiene principios no sufre en cada decisión.,有原则的人，不必每次纠结。
789,원칙과 정직,Integrity,약속은 지킬 수 있는 만큼만 하라.,Promise only what you can keep.,Promete solo lo que puedas cumplir.,只承诺你能兑现的。
790,원칙과 정직,Integrity,이름은 가장 오래 쓰는 자산이다.,Your name is the asset you use the longest.,Tu nombre es el activo que usarás más tiempo.,名字，是你使用最久的资产。
791,원칙과 정직,Integrity,정직한 실패가 교묘한 성공보다 낫다.,An honest failure beats a clever success.,Un fracaso honesto vale más que un éxito astuto.,诚实的失败，胜过取巧的成功。
792,원칙과 정직,Integrity,숨겨야 하는 성과는 성과가 아니다.,An achievement you must hide is not an achievement.,Un logro que debes ocultar no es un logro.,需要隐瞒的成绩，不是成绩。
793,원칙과 정직,Integrity,기준을 낮추는 순간 모든 것이 낮아진다.,Lower the standard and everything lowers with it.,Baja el estándar y todo bajará con él.,标准一降，一切都降。
794,원칙과 정직,Integrity,양심은 가장 조용하지만 가장 정확한 조언자다.,Conscience is the quietest and most accurate adviser.,La conciencia es el consejero más callado y certero.,良心，是最安静也最准确的顾问。
795,원칙과 정직,Integrity,신뢰는 이자를 낳고 불신은 비용을 낳는다.,Trust earns interest; distrust incurs cost.,"La confianza genera intereses; la desconfianza, costos.",信任生息，猜疑生费。
796,원칙과 정직,Integrity,불편한 진실을 말해 주는 사람을 곁에 두어라.,Keep close those who tell you uncomfortable truths.,Rodéate de quien te diga verdades incómodas.,把说逆耳真话的人留在身边。
797,원칙과 정직,Integrity,편법으로 얻은 시간은 반드시 되돌려 주게 된다.,Time gained by shortcuts is always paid back.,El tiempo ganado con atajos siempre se devuelve.,靠捷径省下的时间，一定要还。
798,원칙과 정직,Integrity,공짜로 얻은 것에는 늘 값이 붙어 있다.,Everything free carries a price somewhere.,Todo lo gratis lleva un precio oculto.,白得的东西，总标着价格。
799,원칙과 정직,Integrity,자신에게 정직하지 못하면 남에게도 그렇게 된다.,Dishonesty with yourself becomes dishonesty with others.,Mentirte a ti lleva a mentir a otros.,对自己不诚实，对别人也会如此。
800,원칙과 정직,Integrity,원칙은 지킬 때보다 세울 때 더 신중해야 한다.,Be more careful setting a principle than keeping one.,Ten más cuidado al fijar un principio que al cumplirlo.,立原则时，要比守原则时更慎重。
801,겸손과 자기인식,Humility,자신을 아는 것이 모든 지혜의 시작이다.,Knowing yourself is the start of all wisdom.,Conocerte es el comienzo de toda sabiduría.,认识自己，是一切智慧的开端。
802,겸손과 자기인식,Humility,가장 위험한 무지는 안다고 착각하는 것이다.,The most dangerous ignorance is thinking you know.,La ignorancia más peligrosa es creer que sabes.,最危险的无知，是自以为懂。
803,겸손과 자기인식,Humility,많이 아는 사람일수록 조심스럽게 말한다.,"The more one knows, the more carefully one speaks.","Cuanto más se sabe, con más cuidado se habla.",懂得越多，说话越谨慎。
804,겸손과 자기인식,Humility,자만은 성공 직후에 가장 크게 자란다.,Arrogance grows fastest right after success.,La arrogancia crece más justo tras el éxito.,自满，在成功之后长得最快。
805,겸손과 자기인식,Humility,남의 조언을 듣는 것은 약함이 아니라 절약이다.,Taking advice is not weakness; it is efficiency.,Aceptar consejos no es debilidad; es ahorro.,听取建议不是软弱，而是节省。
806,겸손과 자기인식,Humility,내 관점은 세상의 일부일 뿐이다.,My view is only a part of the world.,Mi punto de vista es solo una parte del mundo.,我的视角，只是世界的一部分。
807,겸손과 자기인식,Humility,칭찬을 들을 때 가장 조심해야 한다.,Be most careful when being praised.,Ten más cuidado cuando te elogian.,被称赞时，最需要小心。
808,겸손과 자기인식,Humility,모르는 것을 물어보는 데 드는 비용은 늘 가장 싸다.,Asking about what you do not know is always the cheapest option.,Preguntar lo que no sabes siempre es lo más barato.,开口请教，成本永远最低。
809,겸손과 자기인식,Humility,자기 실력을 정확히 아는 것도 실력이다.,Knowing your own level accurately is itself a skill.,Conocer tu nivel con precisión también es habilidad.,准确知道自己的水平，也是能力。
810,겸손과 자기인식,Humility,성공은 여러 사람의 도움이 겹친 결과다.,Success is the overlap of many people's help.,El éxito es la suma de la ayuda de muchos.,成功，是许多人帮助的叠加。
811,겸손과 자기인식,Humility,고개를 숙이면 더 많은 것이 보인다.,Bow your head and you see more.,Baja la cabeza y verás más.,低下头，看见的更多。
812,겸손과 자기인식,Humility,내가 옳다는 확신이 클수록 한 번 더 확인하라.,"The surer you are, the more you should double-check.","Cuanto más seguro estés, más deberías verificar.",越确信自己对，越要再确认一次。
813,겸손과 자기인식,Humility,자신을 과대평가하면 준비를 게을리하게 된다.,Overestimate yourself and you will under-prepare.,Sobreestimarte te llevará a prepararte poco.,高估自己，就会疏于准备。
814,겸손과 자기인식,Humility,다른 의견은 위협이 아니라 정보다.,"A different opinion is information, not a threat.","Una opinión distinta es información, no amenaza.",不同意见是信息，不是威胁。
815,겸손과 자기인식,Humility,자기 약점을 말할 수 있는 사람이 강한 사람이다.,Those who can name their weakness are strong.,Fuerte es quien puede nombrar su debilidad.,能说出自己弱点的人，才是强者。
816,겸손과 자기인식,Humility,경험이 많다는 이유로 배움을 멈추지 마라.,Do not stop learning just because you are experienced.,No dejes de aprender por tener experiencia.,不要因为经验多就停止学习。
817,겸손과 자기인식,Humility,나를 가장 오래 속이는 사람은 나 자신이다.,The one who fools you longest is you.,Quien más tiempo te engaña eres tú mismo.,骗你最久的人，是你自己。
818,겸손과 자기인식,Humility,성찰이 없으면 경력은 반복일 뿐이다.,"Without reflection, a career is just repetition.","Sin reflexión, la carrera es solo repetición.",没有反省，资历只是重复。
819,겸손과 자기인식,Humility,겸손은 자기를 낮추는 것이 아니라 정확히 보는 것이다.,Humility is not lowering yourself but seeing yourself accurately.,"La humildad no es rebajarse, sino verse con exactitud.",谦逊不是贬低自己，而是准确看待自己。
820,겸손과 자기인식,Humility,어제의 나를 부끄러워할 수 있다면 성장한 것이다.,"If you can be embarrassed by yesterday's self, you have grown.","Si te avergüenza tu yo de ayer, has crecido.",能为昨天的自己感到羞愧，说明你成长了。
821,겸손과 자기인식,Humility,남의 성공에서 배우고 나의 성공은 의심하라.,Learn from others' success and question your own.,Aprende del éxito ajeno y cuestiona el tuyo.,从别人的成功中学习，对自己的成功存疑。
822,겸손과 자기인식,Humility,자리는 사람을 크게 보이게 하지만 크게 만들지는 않는다.,"A title makes you look bigger, not become bigger.","Un cargo te hace parecer mayor, no serlo.",职位让人显得高大，却不会让人变大。
823,겸손과 자기인식,Humility,한계를 아는 사람만이 한계를 넘는다.,Only those who know their limits can pass them.,Solo quien conoce sus límites puede superarlos.,知道极限的人，才能突破极限。
824,겸손과 자기인식,Humility,잘 모르겠다는 말이 대화를 깊게 만든다.,Saying I am not sure deepens the conversation.,Decir no estoy seguro profundiza la conversación.,一句我不确定，让对话更深入。
825,겸손과 자기인식,Humility,배울 것이 없어 보이는 사람에게도 배울 것이 있다.,Even those who seem to have nothing to teach do.,"Incluso quien parece no enseñar nada, enseña.",看似无可学之人，也有可学之处。
826,야망과 큰 그림,Ambition,작게 생각하는 데도 같은 노력이 든다.,Thinking small costs the same effort.,Pensar en pequeño cuesta el mismo esfuerzo.,想得小，也要花同样的力气。
827,야망과 큰 그림,Ambition,한계를 정하는 것은 대부분 상상력의 부족이다.,Most limits come from a shortage of imagination.,La mayoría de los límites nacen de la falta de imaginación.,多数极限，源于想象力不足。
828,야망과 큰 그림,Ambition,큰 목표는 좋은 사람들을 끌어당긴다.,A big goal attracts good people.,Una gran meta atrae a buena gente.,大目标，吸引好的人。
829,야망과 큰 그림,Ambition,남들이 웃는 계획이 대개 판을 바꾼다.,The plan people laugh at usually changes the game.,El plan del que se ríen suele cambiar las reglas.,被人嘲笑的计划，往往改变格局。
830,야망과 큰 그림,Ambition,현실적인 목표만 세우면 현실만 반복된다.,Set only realistic goals and reality just repeats.,"Si solo pones metas realistas, la realidad se repite.",只定现实的目标，就只会重复现实。
831,야망과 큰 그림,Ambition,10년의 그림이 있으면 1년의 실패는 견딜 만하다.,"With a ten-year picture, one bad year is bearable.","Con una visión de diez años, un mal año se soporta.",有十年的蓝图，一年的失败就能承受。
832,야망과 큰 그림,Ambition,야망은 방향이 있을 때만 힘이 된다.,Ambition becomes strength only when it has direction.,La ambición es fuerza solo cuando tiene rumbo.,野心有了方向，才成为力量。
833,야망과 큰 그림,Ambition,남의 허락을 기다리면 평생 기다리게 된다.,Wait for permission and you will wait forever.,"Si esperas permiso, esperarás toda la vida.",等待别人的许可，就会等一辈子。
834,야망과 큰 그림,Ambition,지금의 자원이 아니라 지금의 결심으로 시작하라.,"Start with your resolve, not your resources.","Empieza con tu decisión, no con tus recursos.",用现在的决心开始，而非现在的资源。
835,야망과 큰 그림,Ambition,크게 실패해도 남는 것이 있는 목표를 골라라.,Choose goals that leave something behind even in failure.,Elige metas que dejen algo incluso al fracasar.,选择即使失败也有留存的目标。
836,야망과 큰 그림,Ambition,목표가 크면 사소한 갈등이 작아 보인다.,A large goal makes petty conflicts look small.,Una gran meta empequeñece los conflictos menores.,目标够大，琐碎的冲突就变小。
837,야망과 큰 그림,Ambition,산 정상을 보되 발밑을 확인하라.,Watch the summit but check your footing.,"Mira la cumbre, pero vigila dónde pisas.",望着山顶，也要看清脚下。
838,야망과 큰 그림,Ambition,위대한 일은 대부분 지루한 일의 연속이다.,Great work is mostly a chain of dull tasks.,Las grandes obras son cadenas de tareas aburridas.,伟大的事业，多是枯燥工作的连续。
839,야망과 큰 그림,Ambition,무엇이 가능한지는 시도해 본 사람만 안다.,Only those who tried know what is possible.,Solo quien lo intentó sabe qué es posible.,什么是可能的，只有尝试过的人知道。
840,야망과 큰 그림,Ambition,욕심과 야망의 차이는 누구를 위한 것이냐다.,Greed and ambition differ by whom they serve.,La codicia y la ambición difieren en a quién sirven.,贪婪与雄心之别，在于为谁。
841,야망과 큰 그림,Ambition,한 세대의 문제를 풀면 이름이 남는다.,Solve a problem of your generation and your name remains.,Resuelve un problema de tu generación y tu nombre quedará.,解决一代人的问题，名字就会留下。
842,야망과 큰 그림,Ambition,가장 큰 위험은 목표가 너무 작은 것이다.,The greatest danger is a goal that is too small.,El mayor peligro es una meta demasiado pequeña.,最大的危险，是目标太小。
843,야망과 큰 그림,Ambition,세상을 바꾸려면 먼저 한 사람을 도와라.,"To change the world, start by helping one person.","Para cambiar el mundo, ayuda primero a una persona.",想改变世界，先帮助一个人。
844,야망과 큰 그림,Ambition,비전은 팀에게 나눠 줄 때 커진다.,A vision grows when shared with a team.,Una visión crece al compartirse con el equipo.,愿景，在分享给团队时变大。
845,야망과 큰 그림,Ambition,불가능해 보이는 일도 나누면 가능한 조각이 된다.,Break the impossible apart and the pieces become possible.,Divide lo imposible y las piezas serán posibles.,把不可能拆开，碎片就变得可能。
846,야망과 큰 그림,Ambition,지금 하는 일이 5년 뒤 무엇이 되는지 그려 보라.,Picture what today's work becomes in five years.,Imagina en qué se convertirá tu trabajo en cinco años.,想象今天所做的事，五年后会变成什么。
847,야망과 큰 그림,Ambition,야망 없는 성실은 쳇바퀴가 된다.,Diligence without ambition becomes a treadmill.,La diligencia sin ambición se vuelve una rueda.,没有雄心的勤奋，会变成原地打转。
848,야망과 큰 그림,Ambition,롤모델보다 넘어야 할 기준을 정하라.,Set a bar to clear rather than a person to copy.,"Fija un listón que superar, no alguien a imitar.",设定要超越的标准，而非要模仿的人。
849,야망과 큰 그림,Ambition,큰 꿈은 매일의 작은 규칙 없이는 무너진다.,Big dreams collapse without small daily rules.,Los grandes sueños caen sin pequeñas reglas diarias.,没有每日小规则，大梦想就会崩塌。
850,야망과 큰 그림,Ambition,무엇을 이루고 싶은지보다 어떤 문제를 풀고 싶은지 물어라.,"Ask which problem you want to solve, not what you want to achieve.","Pregúntate qué problema quieres resolver, no qué quieres lograr.",问自己想解决什么问题，而非想得到什么。
851,문제해결,Problem-Solving,문제를 정확히 정의하면 절반은 풀린 것이다.,Define the problem precisely and half of it is solved.,Define bien el problema y estará medio resuelto.,准确定义问题，就解决了一半。
852,문제해결,Problem-Solving,증상이 아니라 원인을 고쳐라.,"Fix the cause, not the symptom.","Corrige la causa, no el síntoma.",要治病因，不是症状。
853,문제해결,Problem-Solving,왜라는 질문을 다섯 번 반복하면 뿌리가 보인다.,Ask why five times and the root appears.,Pregunta por qué cinco veces y verás la raíz.,连问五次为什么，就能看到根源。
854,문제해결,Problem-Solving,해결책이 하나뿐이면 아직 충분히 고민하지 않은 것이다.,One solution means you have not thought enough.,Una sola solución significa que no pensaste bastante.,只有一个解法，说明想得还不够。
855,문제해결,Problem-Solving,복잡한 문제일수록 종이에 그려라.,"The more complex the problem, the more it belongs on paper.","Cuanto más complejo el problema, más pertenece al papel.",问题越复杂，越要画在纸上。
856,문제해결,Problem-Solving,가장 흔한 실수는 잘못된 문제를 잘 푸는 것이다.,The commonest error is solving the wrong problem well.,El error más común es resolver bien el problema equivocado.,最常见的错误，是把错的问题解得很好。
857,문제해결,Problem-Solving,막힐 때는 문제를 더 작게 쪼개라.,"When stuck, cut the problem smaller.","Si te atascas, divide más el problema.",卡住时，把问题拆得更小。
858,문제해결,Problem-Solving,모든 제약을 적어 두면 답의 범위가 보인다.,List every constraint and the answer's range appears.,Anota cada restricción y verás el rango de la respuesta.,列出所有限制，答案的范围就浮现了。
859,문제해결,Problem-Solving,현장에 답이 있다.,The answer is on the ground.,La respuesta está en el terreno.,答案在现场。
860,문제해결,Problem-Solving,데이터가 없으면 의견 싸움이 된다.,Without data it becomes a fight of opinions.,"Sin datos, es una pelea de opiniones.",没有数据，就变成意见之争。
861,문제해결,Problem-Solving,해결한 문제를 기록해 두면 다음에 두 배로 빠르다.,Record solved problems and next time is twice as fast.,Registra lo resuelto y la próxima vez irás al doble.,记录解决过的问题，下次快一倍。
862,문제해결,Problem-Solving,다른 분야의 해법을 빌려 오는 것이 가장 빠르다.,Borrowing a solution from another field is fastest.,Tomar prestada una solución de otro campo es lo más rápido.,借用其他领域的解法，最快。
863,문제해결,Problem-Solving,급한 불을 끄되 소방 시스템도 만들어라.,"Put out the fire, but also build the fire system.","Apaga el fuego, pero también instala el sistema contra incendios.",救急，也要建立防火系统。
864,문제해결,Problem-Solving,잠시 멈추는 것이 가장 빠른 우회로일 때가 있다.,Sometimes stopping briefly is the fastest detour.,A veces detenerse un momento es el atajo más rápido.,有时暂停一下，是最快的绕行。
865,문제해결,Problem-Solving,남의 문제를 풀어 주면 내 문제도 풀린다.,Solve someone else's problem and yours loosens too.,Resuelve el problema ajeno y el tuyo se aflojará.,解决别人的问题，自己的问题也会松动。
866,문제해결,Problem-Solving,가정을 적어 두면 어디가 틀렸는지 알 수 있다.,Write your assumptions and you will find the flaw.,Escribe tus supuestos y hallarás el fallo.,写下假设，就能找出错在哪。
867,문제해결,Problem-Solving,문제를 남에게 설명하는 순간 답이 보인다.,Explain the problem aloud and the answer appears.,Explica el problema en voz alta y verás la respuesta.,把问题讲给别人听，答案就出现了。
868,문제해결,Problem-Solving,모든 해법에는 새로운 문제가 딸려 온다.,Every solution brings a new problem with it.,Toda solución trae un problema nuevo.,每个解法，都带来新的问题。
869,문제해결,Problem-Solving,측정하지 않으면 개선했는지 알 수 없다.,"If you do not measure, you cannot know you improved.","Si no mides, no sabrás si mejoraste.",不测量，就不知道有没有改善。
870,문제해결,Problem-Solving,간단한 원인을 먼저 확인하라.,Check the simple cause first.,Comprueba primero la causa simple.,先检查最简单的原因。
871,문제해결,Problem-Solving,같은 문제가 반복되면 사람이 아니라 구조를 보라.,"If a problem repeats, look at the system, not the person.","Si el problema se repite, mira el sistema, no a la persona.",问题反复出现，要看结构而非人。
872,문제해결,Problem-Solving,해결이 어려우면 조건을 바꿔 보라.,"If solving is hard, change the conditions.","Si es difícil resolver, cambia las condiciones.",难以解决时，试着改变条件。
873,문제해결,Problem-Solving,답을 아는 것보다 답을 찾는 방법을 아는 것이 낫다.,Knowing how to find answers beats knowing answers.,Saber cómo hallar respuestas vale más que saberlas.,懂得找答案的方法，胜过知道答案。
874,문제해결,Problem-Solving,어제의 해법이 오늘의 병목이 되기도 한다.,Yesterday's fix can be today's bottleneck.,La solución de ayer puede ser el cuello de botella de hoy.,昨天的解法，可能是今天的瓶颈。
875,문제해결,Problem-Solving,풀리지 않는 문제는 대개 질문이 잘못된 것이다.,An unsolvable problem usually means a wrong question.,Un problema sin solución suele ser una pregunta mal hecha.,解不开的问题，多半是问错了。
876,기회와 운,Opportunity,운은 시도한 횟수에 비례한다.,Luck is proportional to the number of attempts.,La suerte es proporcional al número de intentos.,运气，与尝试的次数成正比。
877,기회와 운,Opportunity,기회는 대개 일처럼 생겨서 알아보기 어렵다.,"Opportunity usually looks like work, so it is hard to spot.","La oportunidad suele parecer trabajo, por eso pasa inadvertida.",机会常常长得像工作，所以难以辨认。
878,기회와 운,Opportunity,운이 좋으려면 먼저 눈에 띄어야 한다.,"To be lucky, first be visible.","Para tener suerte, primero hay que ser visible.",想要好运，先要被看见。
879,기회와 운,Opportunity,한 번의 기회를 잡으려면 열 번의 준비가 필요하다.,One chance seized requires ten preparations.,Aprovechar una oportunidad exige diez preparaciones.,抓住一次机会，需要十次准备。
880,기회와 운,Opportunity,아는 사람이 많을수록 우연도 많아진다.,"The more people you know, the more coincidences you get.","Cuanta más gente conoces, más coincidencias ocurren.",认识的人越多，偶然也越多。
881,기회와 운,Opportunity,거절당한 자리에 다음 기회가 놓여 있다.,The next opportunity sits where you were refused.,La próxima oportunidad está donde te rechazaron.,下一个机会，就放在被拒绝的地方。
882,기회와 운,Opportunity,운은 통제할 수 없지만 노출은 통제할 수 있다.,"You cannot control luck, but you can control exposure.","No controlas la suerte, pero sí tu exposición.",运气无法控制，但曝光可以。
883,기회와 운,Opportunity,기회는 준비된 사람의 눈에만 기회로 보인다.,Only the prepared see an opportunity as one.,Solo el preparado ve la oportunidad como tal.,机会，只有在有准备的人眼中才是机会。
884,기회와 운,Opportunity,작은 부탁을 들어준 인연이 큰 기회가 된다.,A small favor granted becomes a large opportunity.,Un pequeño favor se convierte en gran oportunidad.,一次小忙的缘分，会成为大机会。
885,기회와 운,Opportunity,기회는 오래 머물지 않는다.,Opportunity does not linger.,La oportunidad no se queda mucho.,机会不会久留。
886,기회와 운,Opportunity,타이밍이 실력의 일부라는 것을 인정하라.,Admit that timing is part of skill.,Reconoce que el momento oportuno es parte de la habilidad.,承认时机也是实力的一部分。
887,기회와 운,Opportunity,남의 성공을 운이라 부르면 배울 것이 사라진다.,Call others' success luck and you lose the lesson.,Llamar suerte al éxito ajeno borra la lección.,把别人的成功归为运气，就学不到东西。
888,기회와 운,Opportunity,자주 부딪히는 사람에게 기회가 자주 온다.,Opportunity visits those who show up often.,La oportunidad visita a quien aparece con frecuencia.,常出现的人，机会也常来。
889,기회와 운,Opportunity,운도 실력처럼 관리할 수 있다.,"Luck, like skill, can be managed.","La suerte, como la habilidad, se gestiona.",运气，也能像实力一样管理。
890,기회와 운,Opportunity,기회를 놓쳤다면 다음 기회의 준비 시간이 생긴 것이다.,Miss a chance and you gain time to prepare for the next.,"Si pierdes una oportunidad, ganas tiempo para la siguiente.",错过机会，就获得了为下一次准备的时间。
891,기회와 운,Opportunity,남이 하기 싫어하는 일에 기회가 숨어 있다.,Opportunity hides in the work others avoid.,La oportunidad se esconde en lo que otros evitan.,机会藏在别人不愿做的事里。
892,기회와 운,Opportunity,열린 마음이 열린 문을 만든다.,An open mind makes open doors.,Una mente abierta crea puertas abiertas.,开放的心，造就敞开的门。
893,기회와 운,Opportunity,우연은 준비된 사람에게만 사건이 된다.,A coincidence becomes an event only for the prepared.,La casualidad solo es acontecimiento para el preparado.,偶然，只对有准备的人成为事件。
894,기회와 운,Opportunity,한 번의 좋은 소개가 일 년의 노력을 아껴 준다.,One good introduction saves a year of effort.,Una buena presentación ahorra un año de esfuerzo.,一次好的引荐，省下一年的努力。
895,기회와 운,Opportunity,가능성이 낮아 보여도 문은 두드려 봐야 안다.,Knock on the door even if the odds look low.,Llama a la puerta aunque las probabilidades sean bajas.,即使希望渺茫，也要敲门试试。
896,기회와 운,Opportunity,기회를 만드는 가장 쉬운 방법은 먼저 돕는 것이다.,The easiest way to create opportunity is to help first.,La forma más fácil de crear oportunidades es ayudar primero.,创造机会最简单的方法，是先去帮助别人。
897,기회와 운,Opportunity,기회는 사람을 통해 온다.,Opportunity arrives through people.,La oportunidad llega a través de las personas.,机会，通过人而来。
898,기회와 운,Opportunity,불운을 견딘 사람에게 행운이 의미가 있다.,Good luck means something only to those who endured bad.,La buena suerte solo significa algo para quien soportó la mala.,熬过厄运的人，才懂好运的意义。
899,기회와 운,Opportunity,눈앞의 작은 일을 잘하면 큰 일이 찾아온다.,Do the small task well and the large one finds you.,Haz bien lo pequeño y lo grande te encontrará.,把眼前的小事做好，大事就会找上门。
900,기회와 운,Opportunity,준비되지 않은 기회는 오히려 위기다.,An unprepared-for opportunity is a crisis.,Una oportunidad sin preparación es una crisis.,没有准备的机会，反而是危机。
901,성실과 노력,Diligence,노력은 배신하지 않지만 방향은 확인해야 한다.,"Effort does not betray you, but check the direction.","El esfuerzo no traiciona, pero revisa el rumbo.",努力不会背叛你，但方向要核对。
902,성실과 노력,Diligence,남들이 잘 때 깨어 있는 시간이 격차를 만든다.,The hours awake while others sleep create the gap.,Las horas despierto mientras otros duermen crean la diferencia.,别人睡时醒着的时间，造就差距。
903,성실과 노력,Diligence,성실은 재능이 없는 사람의 무기가 아니라 재능 있는 사람의 완성이다.,Diligence is not a substitute for talent but its completion.,La constancia no sustituye al talento; lo completa.,勤奋不是天赋的替代品，而是天赋的完成。
904,성실과 노력,Diligence,땀은 거짓말을 하지 않는다.,Sweat does not lie.,El sudor no miente.,汗水不会说谎。
905,성실과 노력,Diligence,열심히 하는 것과 잘하는 것은 다르다.,Working hard and working well are different.,Trabajar duro y trabajar bien no es lo mismo.,努力和做得好，是两回事。
906,성실과 노력,Diligence,보이지 않는 곳에서의 노력이 보이는 결과를 만든다.,Unseen effort creates seen results.,El esfuerzo invisible produce resultados visibles.,看不见的努力，造就看得见的结果。
907,성실과 노력,Diligence,매일 나타나는 것 자체가 이미 상위권이다.,Simply showing up daily already puts you near the top.,Solo por aparecer cada día ya estás arriba.,每天都出现，本身就已名列前茅。
908,성실과 노력,Diligence,근면은 운을 부르는 가장 확실한 초대장이다.,Diligence is the surest invitation to luck.,La laboriosidad es la invitación más segura a la suerte.,勤勉，是邀请好运最可靠的请帖。
909,성실과 노력,Diligence,힘든 일을 먼저 맡는 사람이 결국 앞선다.,Whoever takes the hard job first ends up ahead.,Quien asume primero lo difícil termina delante.,先接下难活的人，最终领先。
910,성실과 노력,Diligence,노력의 결과는 늦게 오지만 반드시 온다.,"Results of effort come late, but they come.","Los frutos del esfuerzo tardan, pero llegan.",努力的结果来得晚，但一定会来。
911,성실과 노력,Diligence,무명의 시간을 견디는 것도 일의 일부다.,Enduring the unknown years is part of the job.,Soportar los años del anonimato es parte del trabajo.,熬过无名的岁月，也是工作的一部分。
912,성실과 노력,Diligence,남이 안 볼 때 하는 연습이 실전에서 나온다.,Practice done unseen shows up in the real match.,Lo entrenado a solas aparece en el partido real.,无人看见时的练习，会在实战中出现。
913,성실과 노력,Diligence,성실은 하루 만에 증명되지 않는다.,Diligence cannot be proven in a day.,La constancia no se demuestra en un día.,勤奋，无法在一天内证明。
914,성실과 노력,Diligence,한 번의 최선보다 백 번의 평범한 노력이 낫다.,A hundred ordinary efforts beat one supreme effort.,Cien esfuerzos normales vencen a uno supremo.,一百次平凡的努力，胜过一次拼尽全力。
915,성실과 노력,Diligence,일찍 일어나는 것보다 일찍 시작하는 것이 중요하다.,Starting early matters more than waking early.,Importa más empezar temprano que despertarse temprano.,早开始，比早起更重要。
916,성실과 노력,Diligence,노력을 자랑하지 말고 결과로 말하라.,Do not boast of effort; let the result speak.,No presumas del esfuerzo; habla con resultados.,不要夸耀努力，用结果说话。
917,성실과 노력,Diligence,성실한 사람에게는 다음 일이 온다.,The diligent are given the next assignment.,Al constante le llega el siguiente encargo.,勤恳的人，会接到下一份工作。
918,성실과 노력,Diligence,하기 싫은 마음과 하는 행동은 공존할 수 있다.,Reluctance and action can coexist.,La desgana y la acción pueden convivir.,不想做的心情，和正在做的行动，可以共存。
919,성실과 노력,Diligence,잘하고 싶으면 남들보다 한 번 더 고쳐라.,"If you want it good, revise once more than others.","Si lo quieres bueno, corrige una vez más que los demás.",想做好，就比别人多改一次。
920,성실과 노력,Diligence,노력은 저축과 같아서 인출 시점을 스스로 정하지 못한다.,Effort is like savings: you do not choose the withdrawal date.,El esfuerzo es como el ahorro: no eliges cuándo retirarlo.,努力像储蓄，取款的时点由不得你。
921,성실과 노력,Diligence,끝까지 마무리하는 사람이 다음에도 불려 간다.,Those who finish are called back next time.,A quien termina lo vuelven a llamar.,善始善终的人，下次还会被找。
922,성실과 노력,Diligence,정직한 노동은 언제나 스스로를 지켜 준다.,Honest labor always protects you.,El trabajo honesto siempre te protege.,诚实的劳动，永远守护自己。
923,성실과 노력,Diligence,재능을 이기는 것은 재능 있는 사람의 성실이다.,What beats talent is a talented person's diligence.,Lo que vence al talento es la constancia del talentoso.,战胜天赋的，是有天赋者的勤奋。
924,성실과 노력,Diligence,잘 안 될 때도 계속하는 사람이 결국 남는다.,Those who continue when it goes badly are the ones who remain.,Quien sigue cuando va mal es quien permanece.,不顺时仍坚持的人，最终留下。
925,성실과 노력,Diligence,하루의 성실이 평판이 되고 평판이 기회가 된다.,"A day of diligence becomes reputation, and reputation becomes opportunity.","Un día de constancia es reputación, y la reputación, oportunidad.",一天的勤恳成为口碑，口碑成为机会。
926,나눔과 기여,Contribution,남을 돕는 일은 결국 자신을 돕는 일이다.,Helping others turns out to be helping yourself.,Ayudar a otros resulta ser ayudarte a ti.,帮助他人，最终是帮助自己。
927,나눔과 기여,Contribution,받은 것보다 조금 더 주는 사람이 오래 기억된다.,Those who give a little more than they took are remembered.,Quien da un poco más de lo recibido es recordado.,给得比拿得多一点的人，会被长久记住。
928,나눔과 기여,Contribution,가진 것이 적어도 나눌 수는 있다.,You can share even when you have little.,Puedes compartir aunque tengas poco.,拥有不多，也可以分享。
929,나눔과 기여,Contribution,지식은 나눌수록 자신이 정확해진다.,Sharing knowledge makes your own more precise.,Compartir conocimiento afina el tuyo.,知识越分享，自己越精确。
930,나눔과 기여,Contribution,누군가의 사다리가 되어 주는 것이 최고의 성취다.,Being someone's ladder is the finest achievement.,Ser la escalera de alguien es el mayor logro.,成为别人的梯子，是最好的成就。
931,나눔과 기여,Contribution,기여는 크기가 아니라 지속성으로 측정된다.,"Contribution is measured by continuity, not size.","La contribución se mide por continuidad, no por tamaño.",贡献，用持续性衡量而非大小。
932,나눔과 기여,Contribution,먼저 주는 사람에게 세상은 관대하다.,The world is generous to those who give first.,El mundo es generoso con quien da primero.,世界对先给予的人很慷慨。
933,나눔과 기여,Contribution,배운 것을 돌려주지 않으면 그 자리에서 멈춘다.,Fail to give back what you learned and you stop there.,"Si no devuelves lo aprendido, te quedas ahí.",不把所学回馈出去，就停在原地。
934,나눔과 기여,Contribution,이름을 남기려 하지 말고 쓸모를 남겨라.,Do not try to leave a name; leave usefulness.,No dejes un nombre; deja utilidad.,不要留下名字，要留下用处。
935,나눔과 기여,Contribution,한 사람을 제대로 도우면 그것으로 충분하다.,Helping one person properly is enough.,Ayudar bien a una persona ya es suficiente.,真正帮好一个人，就足够了。
936,나눔과 기여,Contribution,공동체가 잘되어야 개인도 오래 잘된다.,An individual thrives long only if the community does.,El individuo prospera si la comunidad prospera.,群体好，个人才能长久地好。
937,나눔과 기여,Contribution,봉사는 시간이 남아서 하는 일이 아니다.,Service is not what you do with leftover time.,El servicio no es lo que haces con el tiempo sobrante.,服务，不是有空才做的事。
938,나눔과 기여,Contribution,말없이 도운 일이 가장 오래 남는다.,Help given quietly lasts longest.,La ayuda silenciosa perdura más.,默默的帮助，留存最久。
939,나눔과 기여,Contribution,후배에게 길을 알려 주는 것이 길을 넓히는 일이다.,Showing juniors the way widens the road.,Mostrar el camino a los que vienen lo ensancha.,为后来者指路，就是把路拓宽。
940,나눔과 기여,Contribution,감사는 갚을 곳이 없으면 다음 사람에게 전하라.,"If you cannot repay a kindness, pass it on.","Si no puedes devolver un favor, pásalo al siguiente.",无法回报的恩情，就传给下一个人。
941,나눔과 기여,Contribution,기부는 금액이 아니라 결심에서 시작된다.,"Giving starts with a decision, not an amount.","Donar empieza por la decisión, no por la cifra.",捐助始于决心，而非金额。
942,나눔과 기여,Contribution,자신이 겪은 어려움이 남을 돕는 자격이 된다.,The hardship you went through qualifies you to help.,La dificultad que viviste te habilita para ayudar.,你经历过的艰难，成为帮助他人的资格。
943,나눔과 기여,Contribution,나눌수록 줄어들지 않는 것들을 먼저 나눠라.,Share first the things that do not run out.,Comparte primero lo que no se agota.,先分享那些越分越不少的东西。
944,나눔과 기여,Contribution,주는 습관이 있는 사람 곁은 늘 따뜻하다.,It is always warm beside a habitual giver.,Siempre hace calor junto a quien da.,慷慨之人身边，总是温暖的。
945,나눔과 기여,Contribution,사회가 나를 키웠다는 사실을 잊지 마라.,Never forget that society raised you.,No olvides que la sociedad te formó.,别忘了，是社会培养了你。
946,나눔과 기여,Contribution,누군가의 하루를 가볍게 해 주는 일은 결코 작지 않다.,Lightening someone's day is never a small thing.,Aligerar el día de alguien nunca es poca cosa.,让某人的一天变轻松，绝不是小事。
947,나눔과 기여,Contribution,더 나은 상태로 물려주는 것이 세대의 책임이다.,Handing it on better is a generation's duty.,Dejarlo mejor es el deber de una generación.,把它变得更好再传下去，是一代人的责任。
948,나눔과 기여,Contribution,가르치는 일은 두 사람을 동시에 성장시킨다.,Teaching grows two people at once.,Enseñar hace crecer a dos a la vez.,教学，同时让两个人成长。
949,나눔과 기여,Contribution,사람은 받은 것보다 나눈 것으로 기억된다.,"People are remembered for what they gave, not what they got.","Se recuerda a la gente por lo que dio, no por lo que recibió.",人被记住的，是给予而非获得。
950,나눔과 기여,Contribution,작은 친절이 누군가의 방향을 바꾼다.,A small kindness can change someone's direction.,Una pequeña amabilidad cambia el rumbo de alguien.,小小的善意，能改变某人的方向。
951,자유와 독립,Independence,자기 힘으로 서 본 사람만이 진짜 도움을 줄 수 있다.,Only those who stood on their own can truly help.,Solo quien se sostuvo solo puede ayudar de verdad.,靠自己站立过的人，才能真正帮助别人。
952,자유와 독립,Independence,자유에는 언제나 책임이 함께 온다.,Freedom always arrives with responsibility.,La libertad siempre viene con responsabilidad.,自由，总与责任同行。
953,자유와 독립,Independence,남의 인정이 필요 없어질 때 자유로워진다.,You are free when you no longer need approval.,Eres libre cuando ya no necesitas aprobación.,不再需要他人认可时，你就自由了。
954,자유와 독립,Independence,선택지를 늘리는 것이 자유를 늘리는 일이다.,Increasing your options increases your freedom.,Aumentar tus opciones aumenta tu libertad.,增加选项，就是增加自由。
955,자유와 독립,Independence,의존이 편할수록 자유는 줄어든다.,"The more comfortable the dependence, the less the freedom.","Cuanto más cómoda la dependencia, menor la libertad.",依赖越舒服，自由越少。
956,자유와 독립,Independence,생각의 독립이 가장 어려운 독립이다.,Independence of thought is the hardest independence.,La independencia de pensamiento es la más difícil.,思想的独立，是最难的独立。
957,자유와 독립,Independence,자기 일정을 스스로 정할 수 있다면 이미 부자다.,"If you control your own calendar, you are already rich.","Si controlas tu agenda, ya eres rico.",能自己决定日程，就已经富有。
958,자유와 독립,Independence,남의 기준에 맞추다 보면 자기 기준을 잃는다.,Match others' standards long enough and you lose your own.,Ajustarte al criterio ajeno te hace perder el tuyo.,一味迎合别人的标准，就会丢掉自己的标准。
959,자유와 독립,Independence,기술을 가진 사람은 어디서든 다시 시작할 수 있다.,Those with a skill can start again anywhere.,Quien tiene un oficio puede empezar de nuevo donde sea.,有一技之长的人，在哪里都能重新开始。
960,자유와 독립,Independence,자립은 고립이 아니다.,Self-reliance is not isolation.,La autosuficiencia no es aislamiento.,自立，不是孤立。
961,자유와 독립,Independence,스스로 결정한 삶은 후회의 모양도 다르다.,A life you chose yourself even regrets differently.,Una vida elegida por ti lamenta de otra forma.,自己决定的人生，连后悔的形状都不同。
962,자유와 독립,Independence,누구에게도 빚지지 않는 하루가 가장 가볍다.,A day owing nothing to anyone is the lightest.,El día en que no debes nada es el más ligero.,不欠任何人的一天，最轻松。
963,자유와 독립,Independence,자유는 아무것도 안 하는 것이 아니라 원하는 것을 하는 것이다.,Freedom is not doing nothing but doing what you choose.,"La libertad no es no hacer nada, sino hacer lo que eliges.",自由不是无所事事，而是做想做的事。
964,자유와 독립,Independence,하나의 수입원에 매이면 하나의 목소리만 낼 수 있다.,"Tied to one income, you can voice only one opinion.","Atado a un solo ingreso, solo puedes tener una voz.",依赖单一收入，就只能有一种声音。
965,자유와 독립,Independence,스스로 배울 수 있는 사람은 누구에게도 종속되지 않는다.,Those who can teach themselves depend on no one.,Quien puede aprender solo no depende de nadie.,能自学的人，不受制于任何人。
966,자유와 독립,Independence,자유롭고 싶다면 먼저 단순해져라.,"If you want freedom, first become simple.","Si quieres libertad, hazte simple primero.",想要自由，先变得简单。
967,자유와 독립,Independence,규율 없는 자유는 오래가지 못한다.,Freedom without discipline does not last.,La libertad sin disciplina no dura.,没有自律的自由，无法长久。
968,자유와 독립,Independence,남의 인생을 대신 살아 줄 수는 없다.,No one can live another's life for them.,Nadie puede vivir la vida de otro.,谁也无法替别人过一生。
969,자유와 독립,Independence,스스로 책임질 수 있는 만큼만 자유롭다.,You are free only as far as you can be responsible.,Eres libre hasta donde puedes responder.,能承担多少责任，就有多少自由。
970,자유와 독립,Independence,의견을 바꿀 자유도 자유의 일부다.,The freedom to change your mind is part of freedom.,Cambiar de opinión también es libertad.,改变看法的自由，也是自由的一部分。
971,자유와 독립,Independence,누구도 당신의 동의 없이 당신을 규정할 수 없다.,No one can define you without your consent.,Nadie puede definirte sin tu consentimiento.,未经你同意，无人能定义你。
972,자유와 독립,Independence,경제적 독립보다 정신적 독립이 먼저다.,Mental independence comes before financial independence.,La independencia mental precede a la económica.,精神独立，先于经济独立。
973,자유와 독립,Independence,남의 시선에서 벗어나면 시간이 늘어난다.,Escape others' gaze and your time multiplies.,Escapa de la mirada ajena y ganarás tiempo.,摆脱他人的目光，时间就变多了。
974,자유와 독립,Independence,스스로 만든 규칙만이 오래 지켜진다.,Only rules you made yourself are kept for long.,Solo las reglas que tú creas se cumplen mucho tiempo.,只有自己订的规则，才守得久。
975,자유와 독립,Independence,자유의 대가는 불확실성이다.,The price of freedom is uncertainty.,El precio de la libertad es la incertidumbre.,自由的代价，是不确定性。
976,미래와 희망,Hope,희망은 계획이 있을 때 현실이 된다.,Hope becomes real when it has a plan.,La esperanza se vuelve real cuando tiene un plan.,希望有了计划，就成为现实。
977,미래와 희망,Hope,어두운 밤이 별을 보게 한다.,A dark night is what lets you see the stars.,La noche oscura es la que deja ver las estrellas.,正是黑夜，让人看见星星。
978,미래와 희망,Hope,미래는 예측하는 것이 아니라 만드는 것이다.,The future is not predicted; it is made.,El futuro no se predice; se hace.,未来不是预测出来的，而是创造出来的。
979,미래와 희망,Hope,아직 오지 않은 날들이 지나간 날들보다 많다.,More days lie ahead than behind.,Quedan más días por delante que por detrás.,未来的日子，比过去的更多。
980,미래와 희망,Hope,씨앗은 흙 속에서 가장 오래 어둡다.,A seed's darkest time is underground.,La semilla vive su hora más oscura bajo tierra.,种子最黑暗的时刻，在泥土之下。
981,미래와 희망,Hope,절망은 정보가 부족할 때 가장 크다.,Despair is largest when information is scarce.,La desesperanza crece cuando falta información.,信息不足时，绝望最大。
982,미래와 희망,Hope,내일을 준비하는 사람에게 오늘은 투자다.,"For those preparing tomorrow, today is an investment.","Para quien prepara el mañana, hoy es inversión.",为明天准备的人，今天就是投资。
983,미래와 희망,Hope,희망은 감정이 아니라 태도다.,"Hope is an attitude, not an emotion.","La esperanza es una actitud, no una emoción.",希望是态度，不是情绪。
984,미래와 희망,Hope,끝나 보이는 곳에서 새 길이 시작된다.,"Where the road seems to end, a new one starts.","Donde el camino parece acabar, empieza otro.",看似路尽之处，新路开始。
985,미래와 희망,Hope,다음 세대를 생각하는 결정이 가장 멀리 간다.,Decisions made for the next generation travel farthest.,Las decisiones para la próxima generación llegan más lejos.,为下一代着想的决定，走得最远。
986,미래와 희망,Hope,계절은 반드시 바뀐다.,The seasons always turn.,Las estaciones siempre cambian.,季节，必定会轮转。
987,미래와 희망,Hope,오늘 심은 나무의 그늘은 내일 사람이 쓴다.,Tomorrow's people will sit in the shade of today's tree.,Mañana alguien se sentará bajo el árbol que plantas hoy.,今天种下的树，明天有人乘凉。
988,미래와 희망,Hope,버티는 동안에도 세상은 조금씩 바뀐다.,"Even while you endure, the world keeps changing.","Incluso mientras resistes, el mundo cambia.",你在坚持的时候，世界也在悄悄改变。
989,미래와 희망,Hope,기대는 배신할 수 있지만 준비는 배신하지 않는다.,Expectations may betray you; preparation will not.,Las expectativas pueden fallar; la preparación no.,期待可能落空，准备不会。
990,미래와 희망,Hope,낙관은 근거를 찾을 때 힘이 된다.,Optimism becomes strength when it finds evidence.,El optimismo es fuerza cuando halla razones.,乐观找到依据时，就成为力量。
991,미래와 희망,Hope,한 사람의 희망이 여러 사람을 살린다.,One person's hope keeps many alive.,La esperanza de uno sostiene a muchos.,一个人的希望，能救活许多人。
992,미래와 희망,Hope,미래는 오늘의 습관이 도착하는 장소다.,The future is where today's habits arrive.,El futuro es adonde llegan los hábitos de hoy.,未来，是今天的习惯抵达之处。
993,미래와 희망,Hope,가장 좋은 시절이 아직 남아 있을 수 있다.,Your best days may still be ahead.,Tus mejores días pueden estar por venir.,最好的时光，也许还在前方。
994,미래와 희망,Hope,기다리는 동안 무엇을 하느냐가 결과를 바꾼다.,What you do while waiting changes the outcome.,Lo que haces mientras esperas cambia el resultado.,等待时做什么，会改变结果。
995,미래와 희망,Hope,미래를 걱정하는 대신 오늘을 설계하라.,"Instead of worrying about the future, design today.","En vez de temer al futuro, diseña el hoy.",与其担忧未来，不如设计今天。
996,미래와 희망,Hope,희망은 남에게 빌려 줄 수 있는 유일한 자산이다.,Hope is the one asset you can lend to another.,La esperanza es el único bien que puedes prestar.,希望，是唯一可以借给别人的资产。
997,미래와 희망,Hope,모든 겨울은 봄의 준비 기간이다.,Every winter is preparation for spring.,Todo invierno prepara la primavera.,每个冬天，都是春天的准备期。
998,미래와 희망,Hope,기록해 둔 꿈은 언젠가 다시 찾아온다.,A dream written down comes back to you someday.,Un sueño escrito regresa algún día.,写下的梦想，终有一天会回来。
999,미래와 희망,Hope,아직 늦지 않았다는 말은 대개 사실이다.,It is usually true that it is not too late.,Casi siempre es cierto que no es tarde.,说还不算晚，通常是真的。
1000,미래와 희망,Hope,내일의 나를 위해 오늘 한 가지만 해 두어라.,Do one thing today for tomorrow's you.,Haz hoy una cosa por el tú de mañana.,为明天的自己，今天做一件事。
